1,Dohar  ,1
2,Tejgaon Circle  ,1
3,Savar,1
4,Nawabganj  ,1
5,Keraniganj  ,1
6,Dhamrai  ,1
7,Ashuganj  ,2
8,Nasirnagar  ,2
9,Sarail  ,2
10,Bancharampur  ,2
11,B.Baria-S  ,2
12,Kasba  ,2
13,Nabinagar  ,2
14,Mongla  ,3
15,Chitalmari  ,3
16,Sharankhola  ,3
17,Rampal  ,3
18,Mollahat  ,3
19,Kachua  ,3
20,Fakirhat  ,3
21,Bagerhat-S  ,3
22,Morrelganj  ,3
23,Bandarban-S  ,4
24,Rowangchari  ,4
25,Thanchi  ,4
26,Lama  ,4
27,Naikhyongchari  ,4
28,Alikadam  ,4
29,Betagi  ,5
30,Amtali  ,5
31,Bamna  ,5
32,Barguna-S  ,5
33,Patharghata  ,5
34,Banaripara  ,6
35,Agailjhara  ,6
36,Gouranadi  ,6
37,Mehendiganj  ,6
38,Muladi  ,6
39,Babuganj  ,6
40,Bakerganj  ,6
41,Uzirpur  ,6
42,Barisal-S  ,6
43,Bhola-S  ,7
44,Charfassion  ,7
45,Lalmohan  ,7
46,Monpura  ,7
47,Tazumuddin  ,7
48,Daulatkhan  ,7
49,Borhanuddin  ,7
50,Adamdighi  ,8
51,Bogra-S  ,8
52,Dhunot  ,8
53,Dhupchancia  ,8
54,Gabtali  ,8
55,Kahaloo  ,8
56,Nandigram  ,8
57,Sariakandi  ,8
58,Sherpur  ,8
59,Shibganj  ,8
60,Sonatala  ,8
61,Shajahanpur  ,8
62,Gomostapur  ,9
63,Bholahat  ,9
64,Nachol  ,9
65,Nawabganj-S  ,9
66,Shibganj  ,9
67,Shahrasti  ,10
68,Chandpur-S  ,10
69,Faridganj  ,10
70,Haimchar  ,10
71,Haziganj  ,10
72,Matlab (Uttar)  ,10
73,Matlab (Dakshin)  ,10
74,Kachua  ,10
75,Sandwip  ,11
76,Lohagara  ,11
77,Satkania  ,11
78,Patiya  ,11
79,Chandanish  ,11
80,Boalkhali  ,11
81,Banskhali  ,11
82,Sitakunda  ,11
83,Raojan  ,11
84,Rangunia  ,11
85,Mirsharai  ,11
86,Hathazari  ,11
87,Fatikchari  ,11
88,Anwara  ,11
89,Damurhuda  ,12
90,Chuadanga-S  ,12
91,Jibannagar  ,12
92,Alamdanga  ,12
93,Chandina  ,13
94,Daudkandi  ,13
95,Debidwar  ,13
96,Barura  ,13
97,Homna  ,13
98,Monohorganj  ,13
99,Brahmanpara  ,13
100,Burichong  ,13
101,Chouddagram  ,13
102,Comilla-S  ,13
103,Laksham  ,13
104,Nangalkot  ,13
105,Titas  ,13
106,Comilla-S Daksin  ,13
107,Muradnagar  ,13
108,Meghna  ,13
109,Kutubdia  ,14
110,Cox's Bazar-S  ,14
111,Chakoria  ,14
112,Pekua  ,14
113,Moheskhali  ,14
114,Ramu  ,14
115,Ukhiya  ,14
116,Teknaf  ,14
117,Birol  ,15
118,Bochaganj  ,15
119,Chirirbandar  ,15
120,Fulbari  ,15
121,Ghoraghat  ,15
122,Hakimpur  ,15
123,Kaharol  ,15
124,Khanshama  ,15
125,Dinajpur-S  ,15
126,Nawabganj  ,15
127,Birampur  ,15
128,Parbatipur  ,15
129,Birganj  ,15
130,Saltha  ,16
131,Nagarkanda  ,16
132,Alfadanga  ,16
133,Bhanga  ,16
134,Boalmari  ,16
135,Charbhadrasan  ,16
136,Faridpur-S  ,16
137,Sadarpur  ,16
138,Madhukhali  ,16
139,Daganbhuiyan  ,17
140,Chhagalniya  ,17
141,Sonagazi  ,17
142,Feni-S  ,17
143,Porshuram  ,17
144,Fulgazi  ,17
145,Saghata  ,18
146,Palashbari  ,18
147,Sundarganj  ,18
148,Sadullapur  ,18
149,Gobindaganj  ,18
150,Gaibandha-S  ,18
151,Fulchari  ,18
152,Sreepur  ,19
153,Kapasia  ,19
154,Kaliganj  ,19
155,Kaliakoir  ,19
156,Gazipur-S  ,19
157,Muksudpur  ,20
158,Kotwalipara  ,20
159,Tungipara  ,20
160,Gopalganj-S  ,20
161,Kasiani  ,20
162,Baniachong  ,21
163,Azmiriganj  ,21
164,Nabiganj  ,21
165,Madhabpur  ,21
166,Lakhai  ,21
167,Habiganj-S  ,21
168,Chunarughat  ,21
169,Bahubal  ,21
170,Dewanganj  ,22
171,Islampur  ,22
172,Jamalpur-S  ,22
173,Madarganj  ,22
174,Melendah  ,22
175,Sarishabari  ,22
176,Bakshiganj  ,22
177,Abhoynagar  ,23
178,Bagherpara  ,23
179,Chowgacha  ,23
180,Jhikargacha  ,23
181,Keshabpur  ,23
182,Jessore-S  ,23
183,Monirampur  ,23
184,Sarsha  ,23
185,Jhalokathi-S  ,24
186,Kathalia  ,24
187,Nalchity  ,24
188,Rajapur  ,24
189,Shailkupa  ,25
190,Moheshpur  ,25
191,Kotchandpur  ,25
192,Harinakunda  ,25
193,Jhenaidah-S  ,25
194,Kaliganj  ,25
195,Joypurhat-S  ,26
196,Akkelpur  ,26
197,Khetlal  ,26
198,Panchbibi  ,26
199,Kalai  ,26
200,Khagrachari-S  ,27
201,Mahalchari  ,27
202,Dighinala  ,27
203,Panchari  ,27
204,Ramgarh  ,27
205,Manikchari  ,27
206,Laxmichari  ,27
207,Matiranga  ,27
208,Dacope  ,28
209,Batiaghata  ,28
210,Dighalia  ,28
211,Dumuria  ,28
212,Koira  ,28
213,Paikgacha  ,28
214,Phultala  ,28
215,Terokhada  ,28
216,Rupsa  ,28
217,Kishoreganj-S  ,29
218,Mithamoin  ,29
219,Tarail  ,29
220,Pakundia  ,29
221,Kuliarchar  ,29
222,Katiadi  ,29
223,Nikli  ,29
224,Karimganj  ,29
225,Austagram  ,29
226,Bajitpur  ,29
227,Bhairab  ,29
228,Hossainpur  ,29
229,Itna  ,29
230,Bhurungamari  ,30
231,Rajibpur  ,30
232,Chilmari  ,30
233,Fulbari  ,30
234,Kurigram-S  ,30
235,Nageswari  ,30
236,Rowmari  ,30
237,Rajarhat  ,30
238,Ulipur  ,30
239,Khoksha  ,31
240,Bheramara  ,31
241,Daulatpur  ,31
242,Kumarkhali  ,31
243,Mirpur  ,31
244,Kushtia-S  ,31
245,Patgram  ,32
246,Lalmonirhat-S  ,32
247,Kaliganj  ,32
248,Hatibandha  ,32
249,Aditmari  ,32
250,Komol Nagar  ,33
251,Ramgati  ,33
252,Ramganj  ,33
253,Raipur  ,33
254,Laxmipur-S  ,33
255,Kalkini  ,34
256,Madaripur-S  ,34
257,Rajoir  ,34
258,Shibchar  ,34
259,Salikha  ,35
260,Magura-S  ,35
261,Mohammadpur  ,35
262,Sreepur  ,35
263,Manikganj-S  ,36
264,Daulatpur  ,36
265,Harirampur  ,36
266,Saturia  ,36
267,Shivalaya  ,36
268,Singair  ,36
269,Ghior  ,36
270,Gangni  ,37
271,Mujib Nagar  ,37
272,Meherpur-S  ,37
273,Kulaura  ,38
274,Kamalganj  ,38
275,Moulvibazar-S  ,38
276,Rajnagar  ,38
277,Sreemangal  ,38
278,Juri  ,38
279,Barlekha  ,38
280,Gazaria  ,39
281,Lauhajong  ,39
282,Munshiganj-S  ,39
283,Sreenagar  ,39
284,Tongibari  ,39
285,Sirajdikhan  ,39
286,Nandail  ,40
287,Haluaghat  ,40
288,Muktagacha  ,40
289,Trishal  ,40
290,Dhobaura  ,40
291,Gaffargaon  ,40
292,Fulbaria  ,40
293,Mymensingh-S  ,40
294,Ishwarganj  ,40
295,Phulpur  ,40
296,Gouripur  ,40
297,Bhaluka  ,40
298,Mohadevpur  ,41
299,Shapahar  ,41
300,Raninagar  ,41
301,Porsha  ,41
302,Patnitala  ,41
303,Dhamoirhat  ,41
304,Naogaon-S  ,41
305,Niamatpur  ,41
306,Atrai  ,41
307,Manda  ,41
308,Badalgachi  ,41
309,Narail-S  ,42
310,Lohagara  ,42
311,Kalia  ,42
312,Araihazar  ,43
313,Rupganj  ,43
314,Bandar  ,43
315,Sonargaon  ,43
316,Narayanganj-S  ,43
317,Shibpur  ,44
318,Palash  ,44
319,Narshingdi-S  ,44
320,Raipura  ,44
321,Belabo  ,44
322,Monohardi  ,44
323,Bagatipara  ,45
324,Baraigram  ,45
325,Gurudaspur  ,45
326,Lalpur  ,45
327,Natore-S  ,45
328,Singra  ,45
329,Kendua  ,46
330,Atpara  ,46
331,Barhatta  ,46
332,Durgapur  ,46
333,Kalmakanda  ,46
334,Madan  ,46
335,Mohanganj  ,46
336,Netrakona-S  ,46
337,Purbadhala  ,46
338,Khaliajuri  ,46
339,Dimla  ,47
340,Domar  ,47
341,Jaldhaka  ,47
342,Kishoreganj  ,47
343,Nilphamari-S  ,47
344,Sayedpur  ,47
345,Subarna Char  ,48
346,Kabir Hat  ,48
347,Sonaimuri  ,48
348,Noakhali-S  ,48
349,Chatkhil  ,48
350,Begumganj  ,48
351,Companiganj  ,48
352,Hatiya  ,48
353,Senbag  ,48
354,Atghoria  ,49
355,Chatmohar  ,49
356,Faridpur  ,49
357,Ishwardi  ,49
358,Bhangura  ,49
359,Sujanagar  ,49
360,Santhia  ,49
361,Pabna-S  ,49
362,Boda  ,50
363,Atwari  ,50
364,Debiganj  ,50
365,Panchagarh-S  ,50
366,Tetulia  ,50
367,Galachipa  ,51
368,Dashmina  ,51
369,Kalapara  ,51
370,Mirjaganj  ,51
371,Patuakhali-S  ,51
372,Dumki  ,51
373,Bauphal  ,51
374,Zianagar  ,52
375,Perojpur-S  ,52
376,Nazirpur  ,52
377,Nesarabad  ,52
378,Bhandaria  ,52
379,Kawkhali  ,52
380,Mothbaria  ,52
381,Baliakandi  ,53
382,Goalanda  ,53
383,Pangsha  ,53
384,Rajbari-S  ,53
385,Kalukhali  ,53
386,Godagari  ,54
387,Paba  ,54
388,Bagha  ,54
389,Bagmara  ,54
390,Charghat  ,54
391,Durgapur  ,54
392,Mohanpur  ,54
393,Puthia  ,54
394,Tanore  ,54
395,Rajosthali  ,55
396,Belaichari  ,55
397,Rangamati-S  ,55
398,Baghaichari  ,55
399,Kaptai  ,55
400,Nanniarchar  ,55
401,Juraichari  ,55
402,Langadu  ,55
403,Kaukhali  ,55
404,Pirgacha  ,56
405,Rangpur-S  ,56
406,Pirganj  ,56
407,Mithapukur  ,56
408,Taraganj  ,56
409,Kaunia  ,56
410,Gangachara  ,56
411,Badarganj  ,56
412,Assasuni  ,57
413,Kalaroa  ,57
414,Satkhira-S  ,57
415,Kaliganj  ,57
416,Debhata  ,57
417,Shyamnagar  ,57
418,Tala  ,57
419,Tarash  ,58
420,Ullapara  ,58
421,Serajganj-S  ,58
422,Shahzadpur  ,58
423,Raiganj  ,58
424,Kazipur  ,58
425,Chowhali  ,58
426,Belkuchi  ,58
427,Kamarkhand  ,58
428,Bhedarganj  ,59
429,Damuddya  ,59
430,Goshairhat  ,59
431,Naria  ,59
432,Shariatpur-S  ,59
433,Janjira  ,59
434,Nakla  ,60
435,Jhenaigati  ,60
436,Nalitabari  ,60
437,Sherpur-S  ,60
438,Sreebordi  ,60
439,Dakhin Sunamganj  ,61
440,Biswamvarpur  ,61
441,Tahirpur  ,61
442,Sunamganj-S  ,61
443,Sulla  ,61
444,Jamalganj  ,61
445,Jagannathpur  ,61
446,Doarabazar  ,61
447,Dharmapasha  ,61
448,Chatak  ,61
449,Derai  ,61
450,Companiganj  ,62
451,Kanaighat  ,62
452,Dakshin Surma  ,62
453,Zakiganj  ,62
454,Sylhet-S  ,62
455,Jointiapur  ,62
456,Gowainghat  ,62
457,Fenchuganj  ,62
458,Biswanath  ,62
459,Beanibazar  ,62
460,Balaganj  ,62
461,Golapganj  ,62
462,Ghatail  ,63
463,Shakhipur  ,63
464,Mirzapur  ,63
465,Tangail-S  ,63
466,Madhupur  ,63
467,Kalihati  ,63
468,Gopalpur  ,63
469,Nagarpur  ,63
470,Bhuapur  ,63
471,Basail  ,63
472,Dhanbari  ,63
473,Delduar  ,63
474,Thakurgaon-S  ,64
475,Baliadangi  ,64
476,Haripur  ,64
477,Pirganj  ,64
478,Ranisankail  ,64
