1,Kushumhati,1
2,Mahmudpur,1
3,Moksedpur,1
4,Narisha,1
5,Nayabari,1
6,Raipara,1
7,Sutarpara,1
8,Bilashpur,1
9,Sarulia,2
10,Beraid,2
11,Manda,2
12,Dania,2
13,Dakshinkhan,2
14,Dakshingaon,2
15,Harirampur,2
16,Sultanganj,2
17,Satarkul,2
18,Nasirabad,2
19,Demra,2
20,Dumni,2
21,Uttarkhan,2
22,Matuail,2
23,Badda,2
24,Bhatara,2
25,Shyampur,2
26,Ashulia,3
27,Aminbazar,3
28,Bangaon,3
29,Bhakurta,3
30,Birulia,3
31,Dhamsona,3
32,Kaundia,3
33,Pathalia,3
34,Shimulia,3
35,Tetuljhora,3
36,Yearpur,3
37,Savar,3
38,Agla,4
39,Bakshnagar,4
40,Bandura,4
41,Barrah,4
42,Baruakhali,4
43,Churain,4
44,Galimpur,4
45,Jantrail,4
46,Joykrishnapur,4
47,Koilail,4
48,Kalakopa,4
49,Nayansree,4
50,Shikaripara,4
51,Sholla,4
52,Aganagar,5
53,Basta,5
54,Hazratpur,5
55,Kalatia,5
56,Kalindi,5
57,Konda,5
58,Ruhitpur,5
59,Sakta,5
60,Subhadya,5
61,Taranagar,5
62,Tegharia,5
63,Zinjira,5
64,Amta,6
65,Baisakanda,6
66,Balia,6
67,Bhararia,6
68,Chauhati,6
69,Dhamrai,6
70,Gangutia,6
71,Jadabpur,6
72,Kulla,6
73,Kushura,6
74,Nannar,6
75,Rowail,6
76,Sanora,6
77,Sombhag,6
78,Suapur,6
79,Sutipara,6
80,Char Chartala,7
81,Araisidha,7
82,Talsahar Paschim,7
83,Sharifpur Purba,7
84,Ashugonj,7
85,Lalpur,7
86,Durgapur,7
87,Bolakot,8
88,Burishwar,8
89,Chapartala,8
90,Chatalpar,8
91,Dhar Mandal,8
92,Fandauk,8
93,Goalnagar,8
94,Gokarna,8
95,Guniauk,8
96,Haripur,8
97,Kunda,8
98,Nasirnagar,8
99,Purbabagh,8
100,Akrail,9
101,Chunta,9
102,Kalikachchha,9
103,Noagaon,9
104,Pakshimul,9
105,Sarail,9
106,Shahbazpur,9
107,Shahjadapur,9
108,Uttar Panishwar,9
109,Akhaura  ,9
110,Dakshin Akhaura,9
111,Dharkhar,9
112,Maniand,9
113,Mogra,9
114,Uttar Akhaura,9
115,Dakshin Banchharampur,10
116,Dariadaulat,10
117,Pahariakandi,10
118,Paschim Saifullakandi,10
119,Paschim Rupasdi,10
120,Paschim Ujan Char,10
121,Dorikandi,10
122,Purba Rupasdi,10
123,Purba Ujan Char,10
124,Salimabad,10
125,Sonarampur,10
126,Tezkhali,10
127,Uttar Banchharampur,10
128,Basudeb,11
129,Budhanti,11
130,Chandura,11
131,Char Islampur,11
132,Dakshin Natai,11
133,Dakshin Shuhilpur,11
134,Dakshin Singerbil,11
135,Harashpur,11
136,Machhihata,11
137,Majlishpur,11
138,Paharpur,11
139,Pattan,11
140,Purba Talsahar,11
141,Ramrail,11
142,Sadekpur,11
143,Sultanpur,11
144,Uttar Ichhapur,11
145,Uttar Natai,11
146,Budhal,11
147,Bishnapur,11
148,Chompok Nagar,11
149,Badair,12
150,Bayek,12
151,Binauti,12
152,Gopinathpur,12
153,Kayempur,12
154,Kharera,12
155,Kuti,12
156,Mehari,12
157,Mulgram,12
158,Barikandi,13
159,Barail,13
160,Biddyakut,13
161,Birgaon,13
162,Ibrahimpur,13
163,Jinudpur,13
164,Kaitala,13
165,Krishnanagar,13
166,Laur Fatehpur,13
167,Natghar,13
168,Paschim Nabinagar,13
169,Purba Nabinagar,13
170,Rasullabad,13
171,Ratanpur,13
172,Salimganj,13
173,Satmura,13
174,Shibpur,13
175,Shyamgram,13
176,Sreerampur,13
177,Chandpai,14
178,Burirdanga,14
179,Chila,14
180,Mithakhali,14
181,Sonailtola,14
182,Sundarban,14
183,Charbaniari,15
184,Barabaria,15
185,Chitalmari,15
186,Hizla,15
187,Santoshpur,15
188,Kalatala,15
189,Shibpur,15
190,Dhansagar,16
191,Khontakata,16
192,Rayenda,16
193,Southkhali,16
194,Baintola,17
195,Banshtali,17
196,Bhojpatia,17
197,Gauramba,17
198,Hurka,17
199,Mallikerber,17
200,Perikhali,17
201,Rajnagar,17
202,Rampal,17
203,Ujalkur,17
204,Atjuri,18
205,Chunkhola,18
206,Gangni,18
207,Gaola,18
208,Kodalia,18
209,Kulia,18
210,Udaypur,18
211,Badhal,19
212,Dhopakhali,19
213,Gazalia,19
214,Gopalpur,19
215,Kachua,19
216,Moghia,19
217,Raripara,19
218,Bahirdimansa,20
219,Betaga,20
220,Fakirhat,20
221,Lakhpur,20
222,Mulghar,20
223,Naldha-Maubhog,20
224,Piljanga,20
225,Subhadia,20
226,Baruipara,21
227,Bemarta,21
228,Bishnupur,21
229,Gotapara,21
230,Jatrapur,21
231,Karapara,21
232,Khanpur,21
233,Rakhalgachhi,21
234,Shatgambuj,21
235,Dema,21
236,Bohorbunia,22
237,Boloibunia,22
238,Banagram,22
239,Baroikhali,22
240,Chingrakhali,22
241,Daibanjgati,22
242,Hoglabunia,22
243,Hoglapasha,22
244,Jiudhara,22
245,Khaulia,22
246,Morrelganj,22
247,Nishanbaria,22
248,Panchakaran,22
249,Putikhali,22
250,Ramchandrapur,22
251,Teligati,22
252,Bandarban,23
253,Kuhalong,23
254,Rajvila,23
255,Sholaka,23
256,Tankabati,23
257,Alikhong,24
258,Nowa Patang,24
259,Rowangchhari,24
260,Tarachha,24
261,Bali Para,25
262,Remakri,25
263,Thanchi,25
264,Tindu,25
265,Aziznagar,26
266,Fasyakhali,26
267,Gajalia,26
268,Lama,26
269,Sarai,26
270,Rupashipara,26
271,Baishari,27
272,Dochhari,27
273,Ghumdhum,27
274,Naikhongchhari,27
275,Alikadam,28
276,Chokhyong,28
277,Ruma  ,28
278,Ghyalanga,28
279,Paindu,28
280,Remakri,28
281,Ruma,28
282,Betagi,29
283,Bibichini,29
284,Buramazumdar,29
285,Hosnabad,29
286,Kazirabad,29
287,Mokamia,29
288,Sariamuri,29
289,Masjid,29
290,Amtali,30
291,Arpangashia,30
292,Atharagachhia,30
293,Barabagi,30
294,Chowra,30
295,Gulisakhali,30
296,Haldia,30
297,Karaibaria,30
298,Kukua,30
299,Pancha Koralia,30
300,Bamna,31
301,Bukabunia,31
302,Dauatala,31
303,Ramna,31
304,Aylapatakata,32
305,Badarkhali,32
306,Barguna,32
307,Burir Char,32
308,Dhalua,32
309,Fuljhury,32
310,Gaurichana,32
311,Keorabunia,32
312,M.Baliatali,32
313,Naltona,32
314,Charduani,33
315,Kakchira,33
316,Kalmegha,33
317,Kanthaltali,33
318,Nachna Para,33
319,Patharghata,33
320,Raihanpur,33
321,Banari Para,34
322,Baisari Para,34
323,Bisar Kandi,34
324,Chakhar,34
325,Iluhar,34
326,Saliabakpur,34
327,Sayedkathi,34
328,Udoykathi,34
329,Bagdha,35
330,Bakal,35
331,Gaila,35
332,Rajiher,35
333,Ratnapur,35
334,Bardhi,36
335,Batajore,36
336,Chandshi,36
337,Khanjapur,36
338,Mahilara,36
339,Nalchira,36
340,Sarikal,36
341,Hizla  ,36
342,Bara Jalia,36
343,Dhulkhola,36
344,Guabaria,36
345,Harinathpur,36
346,Hizla Gourabdi,36
347,Memania,36
348,Kuchaipotty,36
349,Alimabad,37
350,Andhar Manik,37
351,Bhasan Char,37
352,Bidyanandapur,37
353,Chandpur,37
354,Gobindapur,37
355,Char Ekkaria,37
356,Char Gopalpur,37
357,Darichar Khajuria,37
358,Jangalia,37
359,Lata,37
360,Mehendiganj,37
361,Ulania,37
362,Batamara,38
363,Char Kalekhan,38
364,Gachhua,38
365,Kazir Char,38
366,Muladi,38
367,Nazirpur,38
368,Safipur,38
369,Agarpur,39
370,Chandpasha,39
371,Dehergati,39
372,Kedarpur,39
373,Madhabpasha,39
374,Rahmatpur,39
375,Bhoypasha,40
376,Charadi,40
377,Charamaddi,40
378,Darial,40
379,Dudhal,40
380,Durgapasha,40
381,Faridpur,40
382,Garuria,40
383,Kabai,40
384,Kalaskathi,40
385,Nalua,40
386,Niamati,40
387,Padrishibpur,40
388,Rangasree,40
389,Bamrail,41
390,Bara Kotha,41
391,Gutia,41
392,Harta,41
393,Jolla,41
394,Otra,41
395,Satla,41
396,Shikarpur,41
397,Sholak,41
398,Chandpur,42
399,Chandra Mohan,42
400,Char Baria,42
401,Char Kowa,42
402,Char Monai,42
403,Jagua,42
404,Kashipur,42
405,Roypasha Karapur,42
406,Shayestabad,42
407,Tungibaria,42
408,Alinagar,43
409,Bapta,43
410,Char Syamaia,43
411,Shibpur,43
412,Dhania,43
413,Illisha,43
414,Illisha Paschim,43
415,Kachia,43
416,Uttar Dighaldi,43
417,Rajapur,43
418,Dakshin Dighaldi,43
419,Bheduria,43
420,Velumia,43
421,Aminabad,44
422,Aslampur,44
423,Char Kalmi,44
424,Char Madras,44
425,Char Manika,44
426,Hazariganj,44
427,Jinnaghar,44
428,Kukuri-Mukuri,44
429,Nilkamal,44
430,Nurabad,44
431,Osmanganj,44
432,Rasulpur,44
433,Eajpur,44
434,Jahanpur,44
435,Abdullahpur,44
436,Abubakarpur,44
437,Nazrul Nagar,44
438,Mujib Nagar,44
439,Dhalchar,44
440,Badarpur,45
441,Char Bhuta,45
442,Dhali Gaurnagar,45
443,Farazganj,45
444,Kalma,45
445,Lalmohan,45
446,Lord Hardinge,45
447,Ramaganj,45
448,Paschim Char Umed,45
449,Hajirhat,46
450,Manpura,46
451,Sakuchia,46
452,Bara Malanchara,47
453,Chanchra,47
454,Chandpur,47
455,Sonapur,47
456,Shambhupur,47
457,Char Khalifa,48
458,Char Pata,48
459,Hajipur,48
460,Madonpur,48
461,Uttar Joynagar,48
462,Dakshin Joynagar,48
463,Sayeddpur,48
464,Medua,48
465,Bhabanipur,48
466,Bara Manika,49
467,Deula,49
468,Gangapur,49
469,Hassan Nagar,49
470,Kachia,49
471,Kutuba,49
472,Pakshia,49
473,Sachra,49
474,Tobgi,49
475,Adamdighi,50
476,Chanpapur,50
477,Chhatiangram,50
478,Kundugram,50
479,Nasratpur,50
480,Shantahar,50
481,Erulia,51
482,Fanpore,51
483,Gokul,51
484,Lahiripara,51
485,Namuja,51
486,Nishindara,51
487,Noongola,51
488,Rajapur,51
489,Shabgram,51
490,Shakharia,51
491,Sekherkola,51
492,Bhandarbari,52
493,Chowkibari,52
494,Chikashi,52
495,Dhunat,52
496,Elangi,52
497,Gopalnagar,52
498,Goshaibari,52
499,Kalerpara,52
500,Mathurapur,52
501,Nimgachhi,52
502,Chamrul,53
503,Dhupchanchia,53
504,Gobindapur,53
505,Gunahar,53
506,Talora,53
507,Zianagar,53
508,Baliadighi,54
509,Dakshinpara,54
510,Durgahata,54
511,Gabtali,54
512,Kagoil,54
513,Mahishaban,54
514,Naruwala,54
515,Nasipur,54
516,Nepaltali,54
517,Rameshwarpur,54
518,Sonaroy,54
519,Birkedar,55
520,Durgapur,55
521,Jamgram,55
522,Kahaloo,55
523,Kalai,55
524,Malancho,55
525,Maruil,55
526,Narahotta,55
527,Paikar,55
528,Bhatgram,56
529,Bhatora,56
530,Burail,56
531,Nandigram,56
532,Thaltamajhgram,56
533,Bhelabari,57
534,Bohail,57
535,Chaluabari,57
536,Chandanbaisha,57
537,Fulbari,57
538,Hatsherpur,57
539,Kamalpur,57
540,Kazla,57
541,Karnibari,57
542,Kutubpur,57
543,Narchi,57
544,Sariakandi,57
545,Bhabanipur,58
546,Bishalpur,58
547,Garidaha,58
548,Khamarkandi,58
549,Khanpur,58
550,Kusumbi,58
551,Mirzapur,58
552,Shimabari,58
553,Sughat,58
554,Atmul,59
555,Bihar,59
556,Buriganj,59
557,Dewli,59
558,Kichak,59
559,Maidanhata,59
560,Majhihatta,59
561,Mokamtala,59
562,Pirab,59
563,Roynagar,59
564,Sayedpur,59
565,Shibganj,59
566,Balua,60
567,Digdair,60
568,Jorgachha,60
569,Madhupur,60
570,Pakulla,60
571,Sonatala,60
572,Tekanichukainagar,60
573,Amrul,61
574,Aria,61
575,Asekpur,61
576,Chupinagar,61
577,Gohail,61
578,Kharna,61
579,Khottapara,61
580,Madla,61
581,Majhira,61
582,Sultanganj,61
583,Alinagar,62
584,Bhangabari,62
585,Boalia,62
586,Chowdala,62
587,Gomastapur,62
588,Parbatipur,62
589,Radhanagar,62
590,Rahanpur,62
591,Bholahat,63
592,Daldali,63
593,Gohalbari,63
594,Jambaria,63
595,Fatepur,64
596,Kasba,64
597,Nachol,64
598,Nezampur,64
599,Alatuli,65
600,Balidanga,65
601,Barogharia,65
602,Char Anupnagar,65
603,Charbagdanga,65
604,Debinagar,65
605,Gobratala,65
606,Islampur,65
607,Jhilim,65
608,Maharajpur,65
609,Narayanpur,65
610,Ranihati,65
611,Shahajahanpur,65
612,Sundarpur,65
613,Binodpur,66
614,Chakkirti,66
615,Daipukuria,66
616,Dhainagar,66
617,Durlabhpur,66
618,Ghorapakhia,66
619,Kansat,66
620,Mobarakpur,66
621,Monakasha,66
622,Nayalabhanga,66
623,Panka,66
624,Chhatrajitpur,66
625,Shahbajpur,66
626,Shyampur,66
627,Uzirpur,66
628,Chitoshi(E),67
629,Chitoshi(W),67
630,Uttar Meher,67
631,Dakshin Meher,67
632,Uttar Roysree,67
633,Dakshin Roysree,67
634,Uttar Suchi Para,67
635,Dakshin Suchi Para,67
636,Tamta,67
637,Ashikati,68
638,Kalyanpur,68
639,Baghadi,68
640,Balia,68
641,Bishnupur,68
642,Chandra,68
643,Hanar Char,68
644,Ibrahimpur,68
645,Maishadi,68
646,Rajrajeshwar,68
647,Shah Mahmudpur,68
648,Rampur,68
649,Sakua,68
650,Tarpur Chandi,68
651,Purba Baluthuba,69
652,Paschim Baluthuba,69
653,Purba Char Dukhia,69
654,Paschim Char Dukhia,69
655,Uttar Faridganj,69
656,Dakshin Faridganj,69
657,Uttar Gobindapur,69
658,Dakshin Gobindapur,69
659,Purba Gupti,69
660,Paschim Gupti,69
661,Uttar Paikpara,69
662,Dakshin Paik Para,69
663,Uttar Rupsa,69
664,Dakshin Rupsa,69
665,Purba Subidpur,69
666,Paschim Subidpur,69
667,Uttar Algi Durgapur,70
668,Dakshin Algi Durgapur,70
669,Char Bhairabi,70
670,Haim Char,70
671,Gazipur,70
672,Nilkamal,70
673,Purba Barkur,71
674,Paschim Barkur,71
675,Uttar Gandharabpur,71
676,Dakshin Gandharbapur,71
677,Hajiganj,71
678,Hatila Paschim,71
679,Hatila Purba,71
680,Uttar Kalocho,71
681,Dakshin Kalocho,71
682,Uttar Rajgaon,71
683,Bakila (Dakshin Rajargaon),71
684,Baganbari,72
685,Farajikandi,72
686,Durgapur,72
687,Purba Fatehpur,72
688,Eklaspur,72
689,Islamabad,72
690,Jahirabad,72
691,Kalakanda,72
692,Mohanpur,72
693,Sadullapur,72
694,Satnal,72
695,Sultanabad,72
696,Paschim Fatehpur,72
697,Gazra,72
698,Khadergaon,73
699,Narayanpur,73
700,Uttar Nayergaon,73
701,Uttar Upadi,73
702,Dakhsin Nayergaon,73
703,Dakshin Upadi,73
704,Ashrafpur,74
705,Bitara,74
706,Uttar Gohat,74
707,Dakshin Gohat,74
708,Uttar Kachua,74
709,Dakshin Kachua,74
710,Kadla,74
711,Karia,74
712,Pathair,74
713,Purba Sahadebpur,74
714,Paschim Sahadebpur,74
715,Sachar,74
716,Amanullah,75
717,Azimpur,75
718,Bauria,75
719,Gachhua,75
720,Haramia,75
721,Harispur,75
722,Kalapania,75
723,Magdhara,75
724,Maitbhanga,75
725,Musapur,75
726,Rahmatpur,75
727,Santoshpur,75
728,Sarikait,75
729,Urirchar,75
730,Adhunagar,76
731,Amirabad,76
732,Barahatia,76
733,Charamba,76
734,Chunati,76
735,Kalauzan,76
736,Lohagara,76
737,Padua,76
738,Putibila,76
739,Amilais,77
740,Eochia,77
741,Bazalia,77
742,Charati,77
743,Dhemsa,77
744,Dharmapur,77
745,Kaliais,77
746,Kanchana,77
747,Keochia,77
748,Khagaria,77
749,Madrasa,77
750,Nalua,77
751,Puranghar,77
752,Chhadaha,77
753,Satkania,77
754,Sonakania,77
755,Paschim Dhemsa,77
756,Asia,78
757,Baralia,78
758,Bara Uthan,78
759,Bhatikhain,78
760,Chanhara,78
761,Char Lakshya,78
762,Char Patharghata,78
763,Dhalghat,78
764,Habilas Dwip,78
765,Haidgaon,78
766,Junglekhain,78
767,Juldha,78
768,Kachuai,78
769,Kasiais,78
770,Kelishahar,78
771,Kharana,78
772,Kolagaon,78
773,Kusumpura,78
774,Sikalbaha,78
775,Sobhandandi,78
776,South Bhurshi,78
777,Jiri,78
778,Bailtali,79
779,Barkal,79
780,Barama,79
781,Dhopachhari,79
782,Dohazari,79
783,Hashimpur,79
784,Joara,79
785,Kanchanabad,79
786,Satbaria,79
787,Ahla Karaldanga,80
788,Amuchia,80
789,Charandwip,80
790,Purba Gomdandi,80
791,Kadhurkhil,80
792,Popadia,80
793,Saroatali,80
794,Shakpura,80
795,Sreepur Kharandwip,80
796,Paschim Gomdandi,80
797,Baharchhara,81
798,Bailchhari,81
799,Chambal,81
800,Chhanua,81
801,Gandamara,81
802,Kalipur,81
803,Katharia,81
804,Khankhanabad,81
805,Puichhari,81
806,Pukuria,81
807,Sadhanpur,81
808,Saral,81
809,Sekherkhil,81
810,Silkup,81
811,Banshbaria,82
812,Barabkunda,82
813,Baraiardhala,82
814,Bhatiari,82
815,Kumira,82
816,Muradpur,82
817,Salimpur,82
818,Sonaichhari,82
819,Syedpur,82
820,Bagoan,83
821,Binajuri,83
822,Chikdair,83
823,Dabua,83
824,Purba Guzara,83
825,Gahira,83
826,Haludia,83
827,Kadalpur,83
828,Noajispur,83
829,Noa Para,83
830,Pahartali,83
831,Raozan,83
832,Urkirchar,83
833,Paschim Guzara,83
834,Betagi,84
835,Chandraghona,84
836,Hosnabad,84
837,Kodala,84
838,Mariamnagar,84
839,Padua,84
840,Parua,84
841,Pomara,84
842,Rajanagar,84
843,Rangunia,84
844,Sarapbhata,84
845,Silak,84
846,Islampur,84
847,Dakshin Rajanagar,84
848,Lalanagar,84
849,Dhum,85
850,Durgapur,85
851,Haitkandi,85
852,Hinguli,85
853,Ichhakhali,85
854,Karerhat,85
855,Katachhara,85
856,Khaiyachhara,85
857,Mayani,85
858,Mirsharai,85
859,Mithanala,85
860,Maghadia,85
861,Osmanpur,85
862,Saherkhali,85
863,Wahedpur,85
864,Zorwarganj,85
865,Burir Char,86
866,Chhipatali,86
867,Chikandanti,86
868,Dakshin Madrasha,86
869,Dhalai,86
870,Fatehpur,86
871,Forhadabad,86
872,Garduara,86
873,Guman Mardan,86
874,Hathazari,86
875,Mekhal,86
876,Mirzapur,86
877,Nangalmora,86
878,Shikarpur,86
879,Uttar Madarsa,86
880,Abdullapur,87
881,Bagan Bazar,87
882,Baktapur,87
883,Bhujpur,87
884,Dantmara,87
885,Dharmapur,87
886,Dhurung,87
887,Daulatpur,87
888,Harwalchhari,87
889,Jafatnagar,87
890,Kanchan Nagar,87
891,Lelang,87
892,Nanupur,87
893,Narayanhat,87
894,Paindang,87
895,Rangamatia,87
896,Roushangiri,87
897,Suabil,87
898,Samitirhat,87
899,Sundarpur,87
900,Anowara,88
901,Bairag,88
902,Barakhain,88
903,Barasat,88
904,Burumchara,88
905,Battali,88
906,Chatari,88
907,Haildhar,88
908,Paraikora,88
909,Roypur,88
910,Juindandi,88
911,Damurhuda,89
912,Howli,89
913,Juranpur,89
914,Karpasdanga,89
915,Kuralgachhi,89
916,Ramkrishnapur Madna,89
917,Natipota,89
918,Alukdia,90
919,Begampur,90
920,Kutubpur,90
921,Mominpur,90
922,Padmabila,90
923,Shankarchandra,90
924,Titudaha,90
925,Andulbaria,91
926,Banka,91
927,Simanta,91
928,Uthali,91
929,Belgachhi,92
930,Baradi,92
931,Bhangbaria,92
932,Dauki,92
933,Gangni,92
934,Hardi,92
935,Jamjami,92
936,Jehala,92
937,Khadimpur,92
938,Kalidashpur,92
939,Khaskarra,92
940,Kumari,92
941,Nagdaha,92
942,Keronkhal,93
943,Barera,93
944,Bara Karai,93
945,Juag,93
946,Borkuit,93
947,Etbarpur,93
948,Madhya,93
949,Gallai,93
950,Nawabpur,93
951,Mahichail,93
952,Maijkhar,93
953,Batagashi,93
954,Suhilpur,93
955,Barpara,94
956,Uttar Daudkandi,94
957,Gouripur,94
958,Uttar Elliotganj,94
959,Dakshin Elliotganj,94
960,Jinglatali,94
961,Goalmari,94
962,Mohammadpur Purba,94
963,Mohammadpur Paschim,94
964,Purba Panchgachhia,94
965,Paschim Panchgachhia,94
966,Sundalpur,94
967,Maruka,94
968,Biteswar,94
969,Padua,94
970,Bhani,95
971,Bara Shalghar,95
972,Elahabad,95
973,Barkamta,95
974,Dhamti,95
975,Sultanpur,95
976,Fatehabad,95
977,Gunaighar,95
978,Bankot,95
979,Mohonpur,95
980,Jaforganj,95
981,Rajmehar,95
982,Rasulpur,95
983,Subil,95
984,Yusufpur,95
985,Adda,96
986,Adra,96
987,Aganagar,96
988,Bhabanipur,96
989,Deora,96
990,Galimpur,96
991,Chitodda,96
992,Dakshin Jalam,96
993,Uttar Khosbash,96
994,Dakshin Khosbash,96
995,Payalgachha,96
996,Lakshmipur,96
997,Uttar Shilmuri,96
998,Dakshin Shilmuri,96
999,Bhasania,97
1000,Asadpur,97
1001,Chanderchar,97
1002,Gharmora,97
1003,Dulalpur,97
1004,Ghagutia,97
1005,Mathabhanga,97
1006,Nilakhi,97
1007,Joypur,97
1008,Baishgaon,98
1009,Hasnabad,98
1010,Maisatua,98
1011,Uttar Jhalam,98
1012,Dakshin Jhalam,98
1013,Laxmanpur,98
1014,Nather Petua,98
1015,Bipulasar,98
1016,Sarashpur,98
1017,Khila,98
1018,Uttar Hawla,98
1019,Brahman Para,99
1020,Dulalpur,99
1021,Chandla,99
1022,Sidlai,99
1023,Madhabpur,99
1024,Malapara,99
1025,Sahebabad,99
1026,Shashidal,99
1027,Bakshimul,100
1028,Bharella,100
1029,Burichang,100
1030,Mainamati,100
1031,Mokam,100
1032,Pir Jatrapur,100
1033,Rajapur,100
1034,Sholanal,100
1035,Alkara,101
1036,Batisha,101
1037,Cheora,101
1038,Gholpasha,101
1039,Gunabati,101
1040,Jagannath Dighi,101
1041,Kalikapur,101
1042,Kankapait,101
1043,Kashinagar,101
1044,Munshirhat,101
1045,Shubhapur,101
1046,Sreepur,101
1047,Ujirpur,101
1048,Amratali,102
1049,Dakshin Durgapur,102
1050,Jagannathpur,102
1051,Kalir Bazar,102
1052,Panchthubi,102
1053,Uttar Durgapur,102
1054,Bakai,103
1055,Kandirpar,103
1056,Gobindapur,103
1057,Laksam,103
1058,Mudapfarganj,103
1059,Ajgara,103
1060,Uttardah,103
1061,Adra,104
1062,Bangodda,104
1063,Bakshaganj,104
1064,Dhalua,104
1065,Daulkhar,104
1066,Jodda,104
1067,Mokara,104
1068,Nangalkot,104
1069,Peria,104
1070,Roykot,104
1071,Satbaria,104
1072,Heshakhal,104
1073,Balarampur,105
1074,Bitikandi,105
1075,Jiarkandi,105
1076,Karikandi,105
1077,Satani,105
1078,Jagatpur,105
1079,Kalakandi,105
1080,Majidpur,105
1081,Narandia,105
1082,Bara Para,106
1083,Bijoypur,106
1084,Chouara,106
1085,Galiara,106
1086,Purba Jorekanan,106
1087,Paschim Jorekanan,106
1088,Baghmara,106
1089,Belghar,106
1090,Bholain,106
1091,Perul,106
1092,Akubpur,107
1093,Andikot,107
1094,Purba Bangara,107
1095,Paschim Bangara,107
1096,Chapitala,107
1097,Darora (Purba),107
1098,Chhaliakandi,107
1099,Dhamghar,107
1100,Kamalla,107
1101,Jahapur,107
1102,Jatrapur,107
1103,Muradnagar,107
1104,Purba Nabipur,107
1105,Paschim Nabipur,107
1106,Paharpur,107
1107,Purba Purbadhair,107
1108,Paschim Purbadhair,107
1109,Uttar Ramchandrapur,107
1110,Dakshin Ramchandrapur,107
1111,Sreekail,107
1112,Tonki,107
1113,Babutiparha,107
1114,Barakanda,108
1115,Chandanpur,108
1116,Gobindapur,108
1117,Luterchar,108
1118,Radhanagar,108
1119,Manikerchar,108
1120,Chalibhanga,108
1121,Ali Akbar Deli,109
1122,Baragop,109
1123,Dakshin Dhurung,109
1124,Kaiyarbil,109
1125,Lemsikhali,109
1126,Uttar Dhurung,109
1127,Bharuakhali,110
1128,Chaufaldandi,110
1129,Idgaon,110
1130,Jhilwanja,110
1131,Khurushkul,110
1132,Patali Machhuakhali,110
1133,Pokkhali,110
1134,Islampur,110
1135,Islamabad,110
1136,Jalalabad,110
1137,Badarkhali,111
1138,Barawtali,111
1139,Bheola Manik Char,111
1140,Bomobilchari,111
1141,Chiringa,111
1142,Dulhazara,111
1143,Purba Barabheola,111
1144,Fasiakhali,111
1145,Harbang,111
1146,Kakara,111
1147,Kaiarbil,111
1148,Khutakhali,111
1149,Lakhyarchar,111
1150,Saharbil,111
1151,Paschim Bara Bheola,111
1152,Demushia,111
1153,Konakhali,111
1154,Surajpur-Manikpur,111
1155,Bara Bakia,112
1156,Magnama,112
1157,Pekua,112
1158,Rajakhali,112
1159,Toitong,112
1160,Uzantia,112
1161,Shilkhali,112
1162,Chhoto Moheshkhali,113
1163,Bara Maheskhali,113
1164,Dhalghat,113
1165,Hoanak,113
1166,Kalarmarchhara,113
1167,Kutubjom,113
1168,Matarbari,113
1169,Shaplapur,113
1170,Chakmarkul,114
1171,Fatekharkul,114
1172,Garjania,114
1173,Idgar,114
1174,Joarianala,114
1175,Kachhapia,114
1176,Ghuniapalong,114
1177,Kowerkhope,114
1178,Rajarkul,114
1179,Rashidnagar,114
1180,Dakshin Mithachhari,114
1181,Haldia Palong,115
1182,Jalia Palong,115
1183,Raja Palong,115
1184,Ratna Palong,115
1185,Palong Khali,115
1186,Baharchhara,116
1187,Nhila,116
1188,St.Martin Dwip,116
1189,Sabrang,116
1190,Teknaf,116
1191,Whykong,116
1192,Azimpur,117
1193,Bhandari,117
1194,Birol,117
1195,Bijora,117
1196,Dhamair,117
1197,Dharmapur,117
1198,Farakkabad,117
1199,Mangalpur,117
1200,Ranipukur,117
1201,Sahargram,117
1202,Atgaon,118
1203,Chhatail,118
1204,Ishania,118
1205,Murshidhat,118
1206,Nafanagar,118
1207,Rangaon,118
1208,Abdulpur,119
1209,Alokdihi,119
1210,Amarpur,119
1211,Auliapukur,119
1212,Bhiail,119
1213,Fatehjangpur,119
1214,Isabpur,119
1215,Nasratpur,119
1216,Punotti,119
1217,Saintara,119
1218,Satnala,119
1219,Tentulia,119
1220,Aladipur,120
1221,Betdighi,120
1222,Daulatpur,120
1223,Eluary,120
1224,Kazihal,120
1225,Khoyerbari,120
1226,Shibnagar,120
1227,Bulakipur,121
1228,Ghoraghat,121
1229,Palash,121
1230,Shingra,121
1231,Alihat,122
1232,Boaldar,122
1233,Khambamadhobpara,122
1234,Dabor,123
1235,Mukundapur,123
1236,Ramchandrapur,123
1237,Rasulpur,123
1238,Sundarpur,123
1239,Targaon,123
1240,Alokjhari,124
1241,Angarpara,124
1242,Bhabki,124
1243,Bherbheli,124
1244,Goaldihi,124
1245,Khamarpara,124
1246,Askarpur,125
1247,Auliapur,125
1248,Chehelgazi,125
1249,Fazilpur,125
1250,Kamolpur,125
1251,Shankarpur,125
1252,Shashra,125
1253,Sekhpura,125
1254,Sundarban,125
1255,Uthrail,125
1256,Bhaduria,126
1257,Binodpur,126
1258,Daudpur,126
1259,Gopalganj,126
1260,Joypur,126
1261,Kushdaha,126
1262,Mahmudpur,126
1263,Putimara,126
1264,Shalkhuria,126
1265,Benail,127
1266,Mukundpur,127
1267,Deor,127
1268,Jotbani,127
1269,Katla,127
1270,Khanpur,127
1271,Poliprayagpur,127
1272,Belaichandi,128
1273,Chandipur,128
1274,Habra,128
1275,Hamidpur,128
1276,Harirampur,128
1277,Manmathapur,128
1278,Mominpur,128
1279,Mostafapur,128
1280,Palashbari,128
1281,Rampur,128
1282,Bhognagar,129
1283,Moricha,129
1284,Mohammadpur,129
1285,Mohanpur,129
1286,Nijpara,129
1287,Palashbari,129
1288,Paltapur,129
1289,Shatagram,129
1290,Satore,129
1291,Shibrampur,129
1292,Sujalpur,129
1293,Atghar,130
1294,Ballabhdi,130
1295,Bhawal,130
1296,Gatti,130
1297,Jadunandi,130
1298,Majhardia,130
1299,Ramkantapur,130
1300,Sonapur,130
1301,Char Josardi,131
1302,Dangi,131
1303,Fulsuti,131
1304,Kaichail,131
1305,Laskardia,131
1306,Kodalia Shahid Nagar,131
1307,Purapara,131
1308,Ramnagar,131
1309,Talma,131
1310,Alfadanga,132
1311,Bana,132
1312,Buraich,132
1313,Gopalpur,132
1314,Panchuria,132
1315,Tagarband,132
1316,Algi,133
1317,Azimnagar,133
1318,Chumurdi,133
1319,Chandra,133
1320,Gharua,133
1321,Hamirdi,133
1322,Kalamridha,133
1323,Kaolibera,133
1324,Manikdaha,133
1325,Nasirabad,133
1326,Nurullaganj,133
1327,Tuzarpur,133
1328,Boalmari,134
1329,Chandpur,134
1330,Chatul,134
1331,Dadpur,134
1332,Ghoshpur,134
1333,Gunbaha,134
1334,Moyna,134
1335,Parameshwardi,134
1336,Rupapat,134
1337,Satair,134
1338,Shekhar,134
1339,Charbhadrasan,135
1340,Char Harirampur,135
1341,Char Jhaukanda,135
1342,Gazirtek,135
1343,Aliabad,136
1344,Ambikapur,136
1345,Charmadhabdia,136
1346,Dikrirchar,136
1347,Gerda,136
1348,Ishangopalpur,136
1349,Koijuri,136
1350,Kanaipur,136
1351,Krishnanagar,136
1352,Machhar,136
1353,Northchannel,136
1354,Akoter Char,137
1355,Bhashanchar,137
1356,Char Bishnupur,137
1357,Char Manair,137
1358,Char Nasirpur,137
1359,Dheukhali,137
1360,Krishnapur,137
1361,Narikelbaria,137
1362,Sadarpur,137
1363,Bagat,138
1364,Dumain,138
1365,Gajna,138
1366,Jahapur,138
1367,Kamarkhali,138
1368,Madhukhali,138
1369,Meghdhami,138
1370,Nawapara,138
1371,Roypur,138
1372,Daganbhuiyan,139
1373,Joylashkara,139
1374,Mathu Bhuiyan,139
1375,Purba Chandrapur,139
1376,Rajapur,139
1377,Ramnagar,139
1378,Sindurpur,139
1379,Yakubpur,139
1380,Gopal,140
1381,Mohamaya,140
1382,Pathannagar,140
1383,Radhanagar,140
1384,Subhapur,140
1385,Amirabad,141
1386,Bagdana,141
1387,Char Chandira,141
1388,Char Darbesh,141
1389,Char Majlishpur,141
1390,Mangalkandi,141
1391,Matiganj,141
1392,Nawabpur,141
1393,Sonagazi,141
1394,Baligaon,142
1395,Dhalia,142
1396,Dharmapur,142
1397,Farhadnagar,142
1398,Fazilpur,142
1399,Kalidah,142
1400,Kazirbag,142
1401,Lemua,142
1402,Matabi,142
1403,Panchgachhiya,142
1404,Chanua,142
1405,Sarishadi,142
1406,Chithalia,143
1407,Baksh Mohammad,143
1408,Mirzanagar,143
1409,Amjadhat,144
1410,Anandapur,144
1411,Darbarpur,144
1412,Fulgazi,144
1413,G.M. Hat,144
1414,Munshirhat,144
1415,Bharatkhali,145
1416,Bonarpar,145
1417,Ghuridaha,145
1418,Haldia,145
1419,Jumarbari,145
1420,Kachua,145
1421,Kamalerpara,145
1422,Padumsahar,145
1423,Saghata,145
1424,Muktinagar,145
1425,Barisal,146
1426,Betkapa,146
1427,Harinathpur,146
1428,Hossainpur,146
1429,Kishorebari,146
1430,Mohadipur,146
1431,Manoharpur,146
1432,Pobnapur,146
1433,Palashbari,146
1434,Bamundanga,147
1435,Belka,147
1436,Chandipur,147
1437,Chhaparhati,147
1438,Dahabanda,147
1439,Dhopadanga,147
1440,Haripur,147
1441,Kanchibari,147
1442,Kapashia,147
1443,Ramjiban,147
1444,Shantiram,147
1445,Sarbananda,147
1446,Sonaroy,147
1447,Sreepur,147
1448,Tarapur,147
1449,Banagram,148
1450,Bhathgram,148
1451,Damodarpur,148
1452,Dhaperhat,148
1453,Faridpur,148
1454,Idilpur,148
1455,Jamalpur,148
1456,Khordakomarpur,148
1457,Kamarpara,148
1458,Naldanga,148
1459,Rasulpur,148
1460,Darbanta,149
1461,Gumaniganj,149
1462,Harirampur,149
1463,Kamardaha,149
1464,Kamdia,149
1465,Katabari,149
1466,Kochasahar,149
1467,Mahimaganj,149
1468,Nakai,149
1469,Rajahar,149
1470,Rakhalburuz,149
1471,Shalmara,149
1472,Sapmara,149
1473,Shakhahar,149
1474,Shibpur,149
1475,Taluk Kanupur,149
1476,Fulbari,149
1477,Badiakhali,150
1478,Ballamjhar,150
1479,Boali,150
1480,Ghagoa,150
1481,Gidari,150
1482,Kamarjani,150
1483,Kholahati,150
1484,Kuptala,150
1485,Laxmipur,150
1486,Malibari,150
1487,Mollarchar,150
1488,Ramchandrapur,150
1489,Sahapara,150
1490,Erendabari,151
1491,Fazlupur,151
1492,Fulchhari,151
1493,Gazaria,151
1494,Kanchipara,151
1495,Udakhali,151
1496,Uria,151
1497,Barmi,152
1498,Gazipur,152
1499,Gosinga,152
1500,Kaoraid,152
1501,Maona,152
1502,Prahlladpur,152
1503,Rajabari,152
1504,Telihati,152
1505,Barishab,153
1506,Chandpur,153
1507,Durgapur,153
1508,Ghagutia,153
1509,Kapasia,153
1510,Karihata,153
1511,Rayed,153
1512,Sanmania,153
1513,Singhasree,153
1514,Targaon,153
1515,Toke,153
1516,Bahadursadi,154
1517,Baktarpur,154
1518,Jamalpur,154
1519,Jangalia,154
1520,Kaliganj,154
1521,Moktarpur,154
1522,Nagori,154
1523,Tumulia,154
1524,Atabaha,155
1525,Boali,155
1526,Chapair,155
1527,Dhaljora,155
1528,Fulbaria,155
1529,Madhyapara,155
1530,Mouchak,155
1531,Sreefaltali,155
1532,Sutrapur,155
1533,Bashan,156
1534,Baria,156
1535,Gachha,156
1536,Kasimpur,156
1537,Kaultia,156
1538,Konabari,156
1539,Mirzapur,156
1540,Pubail,156
1541,Bhabrasur,157
1542,Bahugram,157
1543,Banshbaria,157
1544,Batikamari,157
1545,Dignagar,157
1546,Gobindapur,157
1547,Gohala,157
1548,Jalirpar,157
1549,Kashalia,157
1550,Khandarpara,157
1551,Maharajpur,157
1552,Mochna,157
1553,Nanixmir,157
1554,Pashargati,157
1555,Radhdi,157
1556,Ujani,157
1557,Amtali,158
1558,Bandhabari,158
1559,Ghaghar,158
1560,Hiron,158
1561,Kalabari,158
1562,Kandi,158
1563,Kushla,158
1564,Pinjuri,158
1565,Radhaganj,158
1566,Ramshil,158
1567,Sadullapur,158
1568,Suagram,158
1569,Barni,159
1570,Dumuria,159
1571,Gopalpur,159
1572,Kushli,159
1573,Patgati,159
1574,Borashi,160
1575,Boultali,160
1576,Chandradighalia,160
1577,Durgapur,160
1578,Gobra,160
1579,Gopinathpur,160
1580,Haridaspur,160
1581,Jalalabad,160
1582,Kajulia,160
1583,Karpara,160
1584,Kathi,160
1585,Latifpur,160
1586,Majhigati,160
1587,Nizra,160
1588,Paikkandi,160
1589,Raghunathpur,160
1590,Sahapur,160
1591,Satpar,160
1592,Suktail,160
1593,Ulpur,160
1594,Urafi,160
1595,Bethuri,161
1596,Fukura,161
1597,Hatiara,161
1598,Kashiani,161
1599,Mamudpur,161
1600,Maheshpur,161
1601,Nijamkandi,161
1602,Orakandi,161
1603,Parulia,161
1604,Puisur,161
1605,Rajpat,161
1606,Ratoil,161
1607,Sajail,161
1608,Singa,161
1609,Uttar Purba Baniachang,162
1610,Uttar Paschim Baniyachang,162
1611,Dakshin Purba Baniyachang,162
1612,Dakshin Paschim Baniyachan,162
1613,Baraiuri,162
1614,Daulatpur,162
1615,Kagapasha,162
1616,Khagaura,162
1617,Makrampur,162
1618,Mandari,162
1619,Muradpur,162
1620,Pailarkandi,162
1621,Pukhra,162
1622,Sujatpur,162
1623,Subidpur,162
1624,Azmiriganj,163
1625,Badarpur,163
1626,Jalsukha,163
1627,Kakailsew,163
1628,Shibpasha,163
1629,Auskandi,164
1630,Bausha,164
1631,Debpara,164
1632,Dighalbak,164
1633,Gaznaipur,164
1634,Inathganj,164
1635,Kalair Banga,164
1636,Kargaon,164
1637,Kurshi,164
1638,Nabiganj,164
1639,Paniunda,164
1640,Purba Bara Bakhair,164
1641,Paschim Bara Bhakhair,164
1642,Adaur,165
1643,Bagasura,165
1644,Bahara,165
1645,Bulla,165
1646,Chhatian,165
1647,Chowmohani,165
1648,Dharmaghar,165
1649,Jagadishpur,165
1650,Noapara,165
1651,Shahjahanpur,165
1652,Andiura,165
1653,Bamai,166
1654,Bulla,166
1655,Karab,166
1656,Lakhai,166
1657,Muriauk,166
1658,Murakari,166
1659,Gopaya,167
1660,Laskarpur,167
1661,Lukhra,167
1662,Nizampur,167
1663,Nurpur,167
1664,Poil,167
1665,Raziura,167
1666,Richi,167
1667,Saistaganj,167
1668,Tegharia,167
1669,Ahammadabad,168
1670,Chunarughat,168
1671,Deorgach,168
1672,Gazipur,168
1673,Miashi,168
1674,Paikpara,168
1675,Ranigaon,168
1676,Shankhola,168
1677,Shatiajuri,168
1678,Ubahata,168
1679,Bahubal,169
1680,Bhadeshwar,169
1681,Lamatashi,169
1682,Mirpur,169
1683,Putijuri,169
1684,Satkapan,169
1685,Snanghat,169
1686,Bahadurabad,170
1687,Char Amkhaoa,170
1688,Chikajani,170
1689,Chukaibari,170
1690,Dangdhara,170
1691,Dewanganj,170
1692,Hatebhanga,170
1693,Parramrampur,170
1694,Belgachha,171
1695,Char Goalini,171
1696,Char Putimari,171
1697,Chinaduli,171
1698,Gaibandha,171
1699,Goaler Char,171
1700,Islampur,171
1701,Kulkandi,171
1702,Noarpara,171
1703,Palbandha,171
1704,Patharsi,171
1705,Sapdhari,171
1706,Banshchara,172
1707,Digpaith,172
1708,Ghoradhap,172
1709,Itail,172
1710,Kendua,172
1711,Laxmir Char,172
1712,Meshta,172
1713,Narundi,172
1714,Ranagachha,172
1715,Rashidpur,172
1716,Sahabajpur,172
1717,Sharifpur,172
1718,Sreepur,172
1719,Titpalla,172
1720,Tulsir Char,172
1721,Adarbhita,173
1722,Balijuri,173
1723,Char Pakerdaha,173
1724,Gunaritola,173
1725,Jorekhali,173
1726,Karaichura,173
1727,Sidhuli,173
1728,Adra,174
1729,Char Banipakuria,174
1730,Durmut,174
1731,Fulkocha,174
1732,Ghosher Para,174
1733,Jhaugara,174
1734,Kulia,174
1735,Mahmudpur,174
1736,Nangla,174
1737,Nayanagar,174
1738,Shyampur,174
1739,Aona,175
1740,Bhatara,175
1741,Doail,175
1742,Kamrabad,175
1743,Mahadan,175
1744,Pingna,175
1745,Pogaldigha,175
1746,Satpoa,175
1747,Bagar Char,176
1748,Bakshiganj,176
1749,Battajore,176
1750,Dhanua Kamalpur,176
1751,Merur Char,176
1752,Nilaxmia,176
1753,Sadhu Para,176
1754,Baghutia,177
1755,Prembag,177
1756,Sundoli,177
1757,Payra,177
1758,Chalishia,177
1759,Siddhipasha,177
1760,Sreedharpur,177
1761,Suvorara,177
1762,Basuari,178
1763,Bandabila,178
1764,Darajhat,178
1765,Dhalgram,178
1766,Dohakula,178
1767,Jamdia,178
1768,Jahurpur,178
1769,Narikelbaria,178
1770,Roypur,178
1771,Chowgacha,179
1772,Dhuliani,179
1773,Hakimpur,179
1774,Jagadishpur,179
1775,Swarupdaha,179
1776,Narayanpur,179
1777,Pashapole,179
1778,Patibila,179
1779,Phulsara,179
1780,Singhajhuli,179
1781,Sukpukuria,179
1782,Bankura,180
1783,Ganganandapur,180
1784,Gadkhali,180
1785,Hajirbag,180
1786,Jhikargachha,180
1787,Magura,180
1788,Navaron,180
1789,Nirbaskhola,180
1790,Panisara,180
1791,Shankarpur,180
1792,Shimulia,180
1793,Bidyanandakati,181
1794,Gourighona,181
1795,Keshabpur,181
1796,Majidpur,181
1797,Mangalkot,181
1798,Panjia,181
1799,Sagardari,181
1800,Sufalakati,181
1801,Trimohini,181
1802,Arabpur,182
1803,Basundia,182
1804,Chanchra,182
1805,Churamonkati,182
1806,Deara,182
1807,Fatepur,182
1808,Hoibatpur,182
1809,Ehali,182
1810,Kashimpur,182
1811,Kachua,182
1812,Lebutala,182
1813,Narendrapur,182
1814,Noapara,182
1815,Ramnagar,182
1816,Natun Upa-Sahar,182
1817,Bhojgati,183
1818,Chaluahati,183
1819,Dhakuria,183
1820,Durbadanga,183
1821,Haridaskati,183
1822,Hariharnagar,183
1823,Jhapa,183
1824,Kashimnagar,183
1825,Khanpur,183
1826,Khedapara,183
1827,Kultia,183
1828,Monirampur,183
1829,Manoharpur,183
1830,Maswimnagar,183
1831,Nehalpur,183
1832,Rohita,183
1833,Shyamkur,183
1834,Bagachra,184
1835,Bahadurpur,184
1836,Benapole,184
1837,Dihi,184
1838,Goga,184
1839,Kayba,184
1840,Laxmanpur,184
1841,Nizampur,184
1842,Putkhali,184
1843,Sharsha,184
1844,Ulshi,184
1845,Basanda,185
1846,Bijoykati,185
1847,Gabkhan Dhansiri,185
1848,Gabha Ramchandrapur,185
1849,Keora,185
1850,Kirtipasha,185
1851,Nabagram,185
1852,Nathullabad,185
1853,Ponabalia,185
1854,Sekherhat,185
1855,Amua,186
1856,Awrabunia,186
1857,Chenchri Rampur,186
1858,Kanthalia,186
1859,Patikhalghata,186
1860,Sauljalia,186
1861,Bhairabpasha,187
1862,Dapdapia,187
1863,Kulkathi,187
1864,Kusanghal,187
1865,Mollarhat,187
1866,Magar,187
1867,Nachan Mohal,187
1868,Ranapasha,187
1869,Siddhakathi,187
1870,Subidpur,187
1871,Baruia,188
1872,Galua,188
1873,Mathbari,188
1874,Rajapur,188
1875,Saturia,188
1876,Suktagarh,188
1877,Abaipur,189
1878,Bogra,189
1879,Balharachandra,189
1880,Dignagar,189
1881,Dudhsammata,189
1882,Fulhar,189
1883,Hakimpur,189
1884,Kachekol,189
1885,Mirzapur,189
1886,Monohorpur,189
1887,Nityanandapur,189
1888,Sarutia,189
1889,Tribeni,189
1890,Umedpur,189
1891,Azampur,190
1892,Banshbaria,190
1893,Fatepur,190
1894,Jadabpur,190
1895,Kazirber,190
1896,Panthapara,190
1897,Natima,190
1898,Nepa,190
1899,Manderbaria,190
1900,Shyamkur,190
1901,S.B.K,190
1902,Swaruppur,190
1903,Balohar,191
1904,Dora,191
1905,Elangi,191
1906,Kushna,191
1907,Sabdalpur,191
1908,Bhayna,192
1909,Chandpur,192
1910,Daulatpur,192
1911,Falshi,192
1912,Joradaha,192
1913,Kapashtia,192
1914,Raghunathpur,192
1915,Taherhuda,192
1916,Dogachhi,193
1917,Fursundi,193
1918,Ganna,193
1919,Ghorashal,193
1920,Halidhani,193
1921,Harishankarpur,193
1922,Kalicharanpur,193
1923,Kumrabaria,193
1924,Madhuhati,193
1925,Moharajpur,193
1926,Naldanga,193
1927,Padmakar,193
1928,Paglakanai,193
1929,Porahati,193
1930,Saganna,193
1931,Sadhuhati,193
1932,Surat,193
1933,Barabazar,194
1934,Jamal,194
1935,Kashtobhanga,194
1936,Kola,194
1937,Maliat,194
1938,Niamatpur,194
1939,Roygram,194
1940,Rakhalgachhi,194
1941,Sundarpur-Durgapur,194
1942,Shimla-Rokonpur,194
1943,Trilochanpur,194
1944,Amdoi,195
1945,Banbu,195
1946,Chakbarkat,195
1947,Bhadsa,195
1948,Dhalahar,195
1949,Dogachhi,195
1950,Jamalpur,195
1951,Mohammadabad,195
1952,Puranapoil,195
1953,Gopinathpur,196
1954,Roykali,196
1955,Rukindipur,196
1956,Sonamukhi,196
1957,Tilakpur,196
1958,Alampur,197
1959,Baratara,197
1960,Barail,197
1961,Khetlal,197
1962,Mamudpur,197
1963,Awlai,198
1964,Atapur,198
1965,Ayma Rasulpur,198
1966,Bagjana,198
1967,Balighata,198
1968,Dharanji,198
1969,Kusumba,198
1970,Mohammudpur,198
1971,Matrai,199
1972,Punat,199
1973,Udaypur,199
1974,Zindarpur,199
1975,Ahmmadabad,199
1976,Bhaibonchhara,200
1977,Golabari,200
1978,Kamalchhari,200
1979,Khagrachhari,200
1980,Perachhara,200
1981,Kayangghat,201
1982,Mahalchhari,201
1983,Maschhari,201
1984,Mubachhari,201
1985,Sindukchhari,201
1986,Babuchhara,202
1987,Boalkhali,202
1988,Dighinala,202
1989,Kabakhali,202
1990,Merun,202
1991,Chengi,203
1992,Latiban,203
1993,Logang,203
1994,Panchhari,203
1995,Halfchhari,204
1996,Pathachhara,204
1997,Ramgarh,204
1998,Batnatali,205
1999,Manikchhari,205
2000,Barmachhari,206
2001,Dulyatali,206
2002,Laxmichhari,206
2003,Baranala,207
2004,Belchhari,207
2005,Guimara,207
2006,Gumti,207
2007,Matiranga,207
2008,Tubalchhari,207
2009,Taindang,207
2010,Bajua,208
2011,Banishanta,208
2012,Laudobe,208
2013,Chalna,208
2014,Dacope,208
2015,Koilashganj,208
2016,Kamarkhola,208
2017,Sutarkhali,208
2018,Tildanga,208
2019,Amirpur,209
2020,Baliadanga,209
2021,Batiaghata,209
2022,Bhandarkote,209
2023,Gangarampur,209
2024,Jalma,209
2025,Surkhali,209
2026,Arongghata,210
2027,Jogipole,210
2028,Barakpur,210
2029,Dighalia,210
2030,Gazirhat,210
2031,Senhati,210
2032,Atalia,211
2033,Bhandarpara,211
2034,Dhamalia,211
2035,Dumuria,211
2036,Gutudia,211
2037,Kharnia,211
2038,Magurkhali,211
2039,Maguraghona,211
2040,Raghunathpur,211
2041,Rangpur,211
2042,Rudaghora,211
2043,Shahosh,211
2044,Shrafpur,211
2045,Shobhona,211
2046,Amadi,212
2047,Bagali,212
2048,Dakshin Debkasi,212
2049,Koyra,212
2050,Maharajpur,212
2051,Maheshwaripur,212
2052,Uttar Debkashi,212
2053,Chandkhali,213
2054,Deluty,213
2055,Gadaipur,213
2056,Gudikhali,213
2057,Haridhali,213
2058,Kapilmuni,213
2059,Laskar,213
2060,Lata,213
2061,Raduli,213
2062,Sholadana,213
2063,Atragilatola,214
2064,Damodaw,214
2065,Jamira,214
2066,Fultola,214
2067,Ajgora,215
2068,Barasat,215
2069,Madhupur,215
2070,Sachiradah,215
2071,Chagladah,215
2072,Terokhada,215
2073,Aichgati,216
2074,Ghatbhog,216
2075,Noihati,216
2076,Sreefaltala,216
2077,T.S.Bahibadia,216
2078,Binnati,217
2079,Bawlai,217
2080,Chauddasata,217
2081,Dana Patuli,217
2082,Jasodal,217
2083,Korsha Kariail,217
2084,Latibabad,217
2085,Mahinanda,217
2086,Maij Khapan,217
2087,Maria,217
2088,Rashidabad,217
2089,Dhaki,218
2090,Ghagra,218
2091,Gopedighi,218
2092,Katkhal,218
2093,Kewarjore,218
2094,Mithamoin,218
2095,Boirati,218
2096,Damiha,219
2097,Dhala,219
2098,Digdair,219
2099,Jawar,219
2100,Rauti,219
2101,Talganga,219
2102,Tarail Sachail,219
2103,Burdia,220
2104,Chandipasha,220
2105,Char Faradi,220
2106,Egarasindur,220
2107,Hosendi,220
2108,Jangalia,220
2109,Narandi,220
2110,Pakundia,220
2111,Patuabhanga,220
2112,Sukhia,220
2113,Chhaysuti,221
2114,Faridpur,221
2115,Gubaria Abdullahpur,221
2116,Osmanpur,221
2117,Ramdi,221
2118,Salua,221
2119,Achmita,222
2120,Banagram,222
2121,Chandpur,222
2122,Jalalpur,222
2123,Kargaon,222
2124,Luhajuri,222
2125,Masua,222
2126,Mumurdia,222
2127,Shaha Dhulia,222
2128,Dampara,223
2129,Gurue,223
2130,Jaraitala,223
2131,Karpasha,223
2132,Nikli,223
2133,Singpur,223
2134,Chhatirchar,223
2135,Baragharia,224
2136,Dehunda,224
2137,Gundhar,224
2138,Gujadia,224
2139,Jafarabad,224
2140,Joyka,224
2141,Kadir Jungle,224
2142,Karimganj,224
2143,Niamatpur,224
2144,Noabad,224
2145,Sutar Para,224
2146,Adampur,225
2147,Austagram,225
2148,Bangal Para,225
2149,Deoghar,225
2150,Kalma,225
2151,Kastul,225
2152,Khayerpur Abdullahpur,225
2153,Purba Austagram,225
2154,Baliadi,226
2155,Dighirpar,226
2156,Dilalpur,226
2157,Gazir Char,226
2158,Halimpur,226
2159,Hilachia,226
2160,Humaipur,226
2161,Kailag,226
2162,Maij Char,226
2163,Pirijpur,226
2164,Sarar Char,226
2165,Aganagar,227
2166,Gazaria,227
2167,Kalikaprashad,227
2168,Sadekpur,227
2169,Shibpur,227
2170,Shimulkandi,227
2171,Sreenagar,227
2172,Araibari,228
2173,Gobindapur,228
2174,Jirani,228
2175,Pumdi,228
2176,Sahedal,228
2177,Sidhla,228
2178,Elongjuri,229
2179,Badla,229
2180,Baribari,229
2181,Dhanpur,229
2182,Gazipur,229
2183,Itna,229
2184,Joysiddi,229
2185,Mrigha,229
2186,Raituti,229
2187,Chowganga,229
2188,Andharijhar,230
2189,Bhurungamari,230
2190,Boldia,230
2191,Bangasonahat,230
2192,Charbhurungamari,230
2193,Joymanirhat,230
2194,Paikerchhara,230
2195,Pathardubi,230
2196,Shilkhuri,230
2197,Tilai,230
2198,Rajibpur,231
2199,Kodalkati,231
2200,Mohanganj,231
2201,Ashtamirchar,232
2202,Chirmari,232
2203,Nayarhat,232
2204,Ramna,232
2205,Raniganj,232
2206,Thanahat,232
2207,Baravita,233
2208,Bhangamore,233
2209,Fulbari,233
2210,Kashipur,233
2211,Naodanga,233
2212,Shimulbari,233
2213,Belgachha,234
2214,Bhogdanga,234
2215,Ghogadaha,234
2216,Holukhan,234
2217,Jatrapur,234
2218,Kanthalbari,234
2219,Mogalbasa,234
2220,Panchgachhi,234
2221,Ballaverkhas,235
2222,Bamandanga,235
2223,Berubari,235
2224,Bhitarband,235
2225,Hasnabad,235
2226,Kachakata,235
2227,Kaliganj,235
2228,Kedar,235
2229,Narayanpur,235
2230,Newashi,235
2231,Noonkhawa,235
2232,Royganj,235
2233,Ramkhan,235
2234,Santoshpur,235
2235,Bandaber,236
2236,Dantbhanga,236
2237,Jadurchar,236
2238,Rowmari,236
2239,Shailmari,236
2240,Bidyananda,237
2241,Chakirpashar,237
2242,Chhinai,237
2243,Gharialdanga,237
2244,Nazimkhan,237
2245,Rajarhat,237
2246,Umar Majid,237
2247,Begumganj,238
2248,Bazra,238
2249,Buraburi,238
2250,Daldalia,238
2251,Dhamosreni,238
2252,Dharanibari,238
2253,Durgapur,238
2254,Gunaigachh,238
2255,Hatia,238
2256,Pandul,238
2257,Saheber Alga,238
2258,Tabakpur,238
2259,Thetrai,238
2260,Janipur,239
2261,Khoksa,239
2262,Sumashpur,239
2263,Ambaria,239
2264,Shimulia,239
2265,Gopogram,239
2266,Joyonti Hazra,239
2267,Betbaria,239
2268,Osmanpur,239
2269,Bahadurpur,240
2270,Bahirpar,240
2271,Chandgram,240
2272,Dharampur,240
2273,Juniadaha,240
2274,Mokarimpur,240
2275,Adabaria,241
2276,Aria,241
2277,Boalia,241
2278,Chilmari,241
2279,Daulatpur,241
2280,Hogalbaria,241
2281,Kholishakundi,241
2282,Maricha,241
2283,Mathurapur,241
2284,Pearpur,241
2285,Philipnagar,241
2286,Pragpur,241
2287,Ramkrishnapur,241
2288,Refayetpur,241
2289,Bagulat,242
2290,Charsadipur,242
2291,Chandpur,242
2292,Chapra,242
2293,Jaduboyra,242
2294,Jagannathpur,242
2295,Kaya,242
2296,Nandalalpur,242
2297,Panti,242
2298,Sadaki,242
2299,Shelaidaha,242
2300,Ambaria,243
2301,Amla,243
2302,Bahalbaria,243
2303,Baroipara,243
2304,Chhatian,243
2305,Chitholia,243
2306,Korsha,243
2307,Malidah,243
2308,Poradaha,243
2309,Sardarpur,243
2310,Talbaria,243
2311,Fulbaria,243
2312,Abdalpur,244
2313,Ailchar,244
2314,Alampur,244
2315,Barakhada,244
2316,Goswami Durgapur,244
2317,Harinarayanpur,244
2318,Hatshahripur,244
2319,Jagati,244
2320,Jiarathi,244
2321,Jhaudia,244
2322,Mazampur,244
2323,Manohardia,244
2324,Patikabari,244
2325,Ujangram,244
2326,Bawra,245
2327,Jagatbera,245
2328,Jongra,245
2329,Kuchhlibari,245
2330,Patgram,245
2331,Sreerampur,245
2332,Dahagram,245
2333,Barabari,246
2334,Gokunda,246
2335,Harati,246
2336,Khuniagachh,246
2337,Kulaghat,246
2338,Mogalhat,246
2339,Mahendranagar,246
2340,Panchagram,246
2341,Rajpur,246
2342,Bhotmari,247
2343,Chalbala,247
2344,Chandrapur,247
2345,Dalagram,247
2346,Goral,247
2347,Kakina,247
2348,Madati,247
2349,Tushbhandar,247
2350,Barakhata,248
2351,Bhelaguri,248
2352,Dhauabari,248
2353,Goddimari,248
2354,Gotamari,248
2355,Nowdabash,248
2356,Patikapara,248
2357,Shingimari,248
2358,Sindurna,248
2359,Tongbhanga,248
2360,Bhadai,249
2361,Bhelabari,249
2362,Durgapur,249
2363,Kamalabari,249
2364,Mahishkhocha,249
2365,Palshi,249
2366,Saptibari,249
2367,Sarpukur,249
2368,Char Falcon,250
2369,Patwary Hat,250
2370,Char Kadira,250
2371,Torabganj,250
2372,Char Kalkini,250
2373,Shaeber Hat,250
2374,Char Lawrence,250
2375,Char Martin,250
2376,Hajirhat,250
2377,Bara Kheri,251
2378,Char Abdullah,251
2379,Char Alexandar,251
2380,Char Algi,251
2381,Char Badam,251
2382,Char Gazi,251
2383,Char Ramiz,251
2384,Char Poragacha,251
2385,Bhadur,252
2386,Bhatra,252
2387,Bholakot,252
2388,Chandipur,252
2389,Darbeshpur,252
2390,Ichhapur,252
2391,Kanchanpur,252
2392,Karpara,252
2393,Lamchar,252
2394,Noagaon,252
2395,Bamni,253
2396,Char Ababil Uttar,253
2397,Char Bangshi Uttar,253
2398,Char Mohana,253
2399,Keroa,253
2400,Roypur,253
2401,Sonapur,253
2402,Char Bangshi Dakshin,253
2403,Char Ababil Dakshin,253
2404,Char Pata,253
2405,Bangakha,254
2406,Basikpur,254
2407,Bhabaniganj,254
2408,Chandraganj,254
2409,Charsahi,254
2410,Char Ruhita,254
2411,Dalalbazar,254
2412,Datta Para,254
2413,Dighali,254
2414,Hajir Para,254
2415,Kushakhali,254
2416,Laharkandi,254
2417,Mandari,254
2418,Uttar Hamchadi,254
2419,Parbatinagar,254
2420,Shakchar,254
2421,Dakshin Hamchadi,254
2422,Uttar Joypur,254
2423,Alinagar,255
2424,Baligram,255
2425,Banshgari,255
2426,Sidikhan,255
2427,Dasar,255
2428,Enayetnagar,255
2429,Gopalpur,255
2430,Kayaria,255
2431,Kazi Bakai,255
2432,Laxmipur,255
2433,Nabagram,255
2434,Ramjanpur,255
2435,Sahebrampur,255
2436,Shikar Mangal,255
2437,Kunia,255
2438,Khoajpur,255
2439,Bahadurpur,256
2440,Chhilarchar,256
2441,Dhurail,256
2442,Dudhkhali,256
2443,Ghatmajhi,256
2444,Jhaudi,256
2445,Kalikapur,256
2446,Kendua,256
2447,Khoajpur,256
2448,Kunia,256
2449,Mostafapur,256
2450,Panchkhola,256
2451,Pearpur,256
2452,Rasti,256
2453,Sirkhara,256
2454,Amgram,257
2455,Badarpasha,257
2456,Bajitpur,257
2457,Hossainpur,257
2458,Ishibpur,257
2459,Kabirajpur,257
2460,Kadambari,257
2461,Khalia,257
2462,Paikpara,257
2463,Rajoir,257
2464,Mahendradi-Haridasdee,257
2465,Bandarkhola,258
2466,Banshkandi,258
2467,Boheratala,258
2468,Bhadrasan,258
2469,Bhandarikandi,258
2470,Charjanajat,258
2471,Dattapara,258
2472,Ditiya Khanda,258
2473,Kadirpur,258
2474,Kanthalbari,258
2475,Kutubpur,258
2476,Madaber Char,258
2477,Nilakhi,258
2478,Panchchar,258
2479,Sannyasir Char,258
2480,Shibchar,258
2481,Siruail,258
2482,Umedpur,258
2483,Arpara,259
2484,Bunagati,259
2485,Dhaneshwargati,259
2486,Gangarampur,259
2487,Shalikha,259
2488,Shatakhali,259
2489,Talkhari,259
2490,Atharokhada,260
2491,Beroil Palita,260
2492,Bgia,260
2493,Chaulia,260
2494,Golapgram,260
2495,Hazipur,260
2496,Hazrapur,260
2497,Jagdal,260
2498,Kachuddi,260
2499,Kuchiamora,260
2500,Moghi,260
2501,Raghobdair,260
2502,Satrujitpur,260
2503,Babukhali,261
2504,Balidia,261
2505,Binodepur,261
2506,Digha,261
2507,Mohammadpur,261
2508,Nahata,261
2509,Palashbaria,261
2510,Rajapur,261
2511,Ambalshwar,262
2512,Dariapur,262
2513,Gayeshpur,262
2514,Kadirpara,262
2515,Nakol,262
2516,Sabdalpur,262
2517,Sreekol,262
2518,Sreepur,262
2519,Betila-Mitra,263
2520,Atigram,263
2521,Bhararia,263
2522,Dighi,263
2523,Garpara,263
2524,Hatipara,263
2525,Jagir,263
2526,Krishnapur,263
2527,Nabagram,263
2528,Putail,263
2529,Bachamara,264
2530,Baghutia,264
2531,Chakmirpur,264
2532,Char Katari,264
2533,Dhamswar,264
2534,Jiyanpur,264
2535,Kolia,264
2536,Khalshi,264
2537,Azimnagar,265
2538,Balla,265
2539,Balra,265
2540,Boyra,265
2541,Chala,265
2542,Dhulsura,265
2543,Gala,265
2544,Gopinathpur,265
2545,Harukandi,265
2546,Kanchanpur,265
2547,Lechraganj,265
2548,Ramkrishnapur,265
2549,Sutalari,265
2550,Baliati,266
2551,Baraid,266
2552,Daragram,266
2553,Dighulia,266
2554,Dhankora,266
2555,Fukurhati,266
2556,Hargaz,266
2557,Saturia,266
2558,Tilli,266
2559,Arua,267
2560,Mohadebpur,267
2561,Shimulia,267
2562,Shibalay,267
2563,Teota,267
2564,Ulail,267
2565,Uthuli,267
2566,Bayra,268
2567,Baldhara,268
2568,Chandhar,268
2569,Charigram,268
2570,Dhalla,268
2571,Joymantap,268
2572,Jarmita,268
2573,Jamsha,268
2574,Sayesta,268
2575,Singair,268
2576,Talebpur,268
2577,Baliakhora,269
2578,Baniajuri,269
2579,Baratia,269
2580,Ghior,269
2581,Nali,269
2582,Poyla,269
2583,Singjuri,269
2584,Bamundi,270
2585,Dhankhola,270
2586,Roypur,270
2587,Kathuli,270
2588,Kazipur,270
2589,Mothmura,270
2590,Shaharbati,270
2591,Sholataka,270
2592,Tentulbaria,270
2593,Bagoan,271
2594,Dariapur,271
2595,Mahajonpur,271
2596,Monakhali,271
2597,Amdaha,272
2598,Amjhupi,272
2599,Buripota,272
2600,Kutubpur,272
2601,Pirojpur,272
2602,Baramchal,273
2603,Bhatera,273
2604,Bhakshimail,273
2605,Bramhan Bazar,273
2606,Hajipur,273
2607,Joychandi,273
2608,Kadirpur,273
2609,Karmadha,273
2610,Kulaura,273
2611,Prithempasha,273
2612,Routhgaon,273
2613,Sharifpur,273
2614,Tilagaon,273
2615,Adampur,274
2616,Alinagar,274
2617,Islampur,274
2618,Kamalganj,274
2619,Madhabpur,274
2620,Munshi Bazar,274
2621,Patanushar,274
2622,Rahimpur,274
2623,Shamshernagar,274
2624,Akhailkura,275
2625,Amtail,275
2626,Chandnighat,275
2627,Ekatuna,275
2628,Giasnagar,275
2629,Kamalpur,275
2630,Kanakpur,275
2631,Khalilpur,275
2632,Manumukh,275
2633,Mostafapur,275
2634,Nazirabad,275
2635,Kagabala,275
2636,Fatehpur,276
2637,Kamar Chak,276
2638,Mansurnagar,276
2639,Munshi Bazar,276
2640,Panchgaon,276
2641,Rajnagar,276
2642,Tengra,276
2643,Uttarbhag,276
2644,Ashidron,277
2645,Bhunabir,277
2646,Kashipur,277
2647,Kalighat,277
2648,Mirzapur,277
2649,Rajghat,277
2650,Satgoan,277
2651,Sindurkhan,277
2652,Sreemangal,277
2653,Paschim Juri,278
2654,Purba Juri,278
2655,Fultala,278
2656,Goalbari,278
2657,Jaifarnagar,278
2658,Sagarnal,278
2659,Baralekha,279
2660,Barni,279
2661,Dakshin Shahabajpur,279
2662,Dakshin Dakshinbhagh,279
2663,Dasher Bazar,279
2664,Nij Bahadurpur,279
2665,Sujanagar,279
2666,Uttar Dakshinbhag,279
2667,Uttar Shahabajpur,279
2668,Talimpur,279
2669,Baluakandi,280
2670,Bausia,280
2671,Bhaberchar,280
2672,Gazaria,280
2673,Guagachhia,280
2674,Hossaindi,280
2675,Imampur,280
2676,Tengerchar,280
2677,Bejgaon,281
2678,Boultali,281
2679,Gaodia,281
2680,Haldia,281
2681,Kalma,281
2682,Kanaksar,281
2683,Khidirpara,281
2684,Kumarbhag,281
2685,Medinimondal,281
2686,Teotia,281
2687,Adhara,282
2688,Bajrajogini,282
2689,Charkewar,282
2690,Shiloye,282
2691,Mahakali,282
2692,Mollahkandi,282
2693,Panchasar,282
2694,Rampal,282
2695,Banglabazar,282
2696,Atpara,283
2697,Baghra,283
2698,Baraikhali,283
2699,Bhagyakul,283
2700,Birtara,283
2701,Hasara,283
2702,Kolapara,283
2703,Kukutia,283
2704,Patabhog,283
2705,Rarikhal,283
2706,Sreenagar,283
2707,Sholaghar,283
2708,Shyamsiddhi,283
2709,Tantar,283
2710,Abdullahpur,284
2711,Baligaon,284
2712,Autshahi,284
2713,Betka,284
2714,Dhipur,284
2715,Dighirpar,284
2716,Hasainbanari,284
2717,Jashalong,284
2718,Kamarkhara,284
2719,Kathalia Shimulia,284
2720,Panchgaon,284
2721,Sonarang,284
2722,Balurchar,285
2723,Bashail,285
2724,Boyaragadi,285
2725,Chitrakot,285
2726,Ichhapur,285
2727,Jainsar,285
2728,Keyain,285
2729,Kola,285
2730,Latabdi,285
2731,Madhyapara,285
2732,Malkhanagar,285
2733,Rajnagar,285
2734,Rasunia,285
2735,Sekharnagar,285
2736,Achargaon,286
2737,Betagair,286
2738,Chandipasha,286
2739,Gangail,286
2740,Jahangirpur,286
2741,Kharua,286
2742,Moazzempur,286
2743,Musulli,286
2744,Nandail,286
2745,Rajgati,286
2746,Sherpur,286
2747,Singrail,286
2748,Amtail,287
2749,Bhubankura,287
2750,Bildoara,287
2751,Dhara,287
2752,Dhurail,287
2753,Gazirbhita,287
2754,Haluaghat,287
2755,Jugli,287
2756,Kaichapur,287
2757,Narail,287
2758,Sakuai,287
2759,Swadeshi,287
2760,Baragram,288
2761,Basati,288
2762,Dattagaon,288
2763,Dulla,288
2764,Ghoga,288
2765,Kashempur,288
2766,Kheruajani,288
2767,Kumarghata,288
2768,Mankon,288
2769,Tarati,288
2770,Amiabari,289
2771,Bailar,289
2772,Bali Para,289
2773,Dhanikhola,289
2774,Harirampur,289
2775,Kanihari,289
2776,Kanthal,289
2777,Mathbaria,289
2778,Mokshapur,289
2779,Rampur,289
2780,Sakhua,289
2781,Trishal,289
2782,Bagber,290
2783,Dakshin Maijpara,290
2784,Dobaura,290
2785,Gamaritala,290
2786,Guatala,290
2787,Ghoshgaon,290
2788,Pora Kandulia,290
2789,Barobaria,291
2790,Char Algi,291
2791,Datter Bazar,291
2792,Gaffargaon,291
2793,Jessora,291
2794,Langair,291
2795,Mashakhali,291
2796,Niguari,291
2797,Paithal,291
2798,Panchbag,291
2799,Rasulpur,291
2800,Raona,291
2801,Saltia,291
2802,Tengabu,291
2803,Usthi,291
2804,Achhim Patuli,292
2805,Bakta,292
2806,Balian,292
2807,Bhabanipur,292
2808,Dewkhola,292
2809,Enayetpur,292
2810,Fulbaria,292
2811,Kaladaha,292
2812,Kushmail,292
2813,Naogaon,292
2814,Putijana,292
2815,Radhakanai,292
2816,Rangamatia,292
2817,Akua,293
2818,Ashtadhar,293
2819,Bhabkhali,293
2820,Borar Char,293
2821,Char Ishwardia,293
2822,Char Nilaxmia,293
2823,Dapunia,293
2824,Ghagra,293
2825,Boyera (Kewatkhali),293
2826,Khagdahar,293
2827,Kushtia,293
2828,Paranganj,293
2829,Sirta,293
2830,Atharabari,294
2831,Barahit,294
2832,Ishwarganj,294
2833,Jatia,294
2834,Maijbag,294
2835,Maktola,294
2836,Rajibpur,294
2837,Sarisha,294
2838,Sohagi,294
2839,Tarundia,294
2840,Uchakhila,294
2841,Balia,295
2842,Balikhan,295
2843,Banihala,295
2844,Bhaitkandi,295
2845,Bishka,295
2846,Baola,295
2847,Dhakua,295
2848,Galagaon,295
2849,Kakni,295
2850,Kamargaon,295
2851,Kamaria,295
2852,Payari,295
2853,Fulpur,295
2854,Rahimganj,295
2855,Rambhadrapur,295
2856,Rampur,295
2857,Rupasi,295
2858,Sawndhara,295
2859,Singheshwar,295
2860,Tarakanda,295
2861,Achintapur,296
2862,Bhangnamari,296
2863,Bokainagar,296
2864,Dewhakhula,296
2865,Gauripur,296
2866,Myenkanda,296
2867,Maoha,296
2868,Ramgopalpur,296
2869,Sahanati,296
2870,Sidhla,296
2871,Bhaluka,297
2872,Bharadoba,297
2873,Birunia,297
2874,Dakatia,297
2875,Dhitpur,297
2876,Habirbari,297
2877,Kachina,297
2878,Mallikbari,297
2879,Meduary,297
2880,Rajai,297
2881,Uthura,297
2882,Bhimpur,298
2883,Chandas,298
2884,Cheragpur,298
2885,Enayetpur,298
2886,Hatur,298
2887,Khajur,298
2888,Mahadebpur,298
2889,Raigaon,298
2890,Safapur,298
2891,Uttargram,298
2892,Aihai,299
2893,Goala,299
2894,Patari,299
2895,Sapahar,299
2896,Shiranti,299
2897,Tilna,299
2898,Baragachh,300
2899,Ekdala,300
2900,Gona,300
2901,Kaligram,300
2902,Kashimpur,300
2903,Mirat,300
2904,Parail,300
2905,Raninagar,300
2906,Chhattor,301
2907,Ganguria,301
2908,Ghatnagar,301
2909,Murshidpur,301
2910,Nitorpur,301
2911,Tentulia,301
2912,Akbarpur,302
2913,Amair,302
2914,Dibar,302
2915,Ghoshnagar,302
2916,Krishnapur,302
2917,Matindar,302
2918,Nazipur,302
2919,Nirmail,302
2920,Patichara,302
2921,Patnitala,302
2922,Shihara,302
2923,Agradigun,303
2924,Alampur,303
2925,Aranagar,303
2926,Dhamoirhat,303
2927,Isabpur,303
2928,Jahanpur,303
2929,Khelna,303
2930,Umar,303
2931,Baktarpur,304
2932,Balihat,304
2933,Barshail,304
2934,Boalia,304
2935,Moilagachhi,304
2936,Chandipur,304
2937,Dubalhat,304
2938,Hapania,304
2939,Hashaigarhi,304
2940,Kirttipur,304
2941,Shikarpur,304
2942,Tilakpur,304
2943,Bahadurpur,305
2944,Bhabicha,305
2945,Chandan Nagar,305
2946,Hajinagar,305
2947,Niamatpur,305
2948,Parail,305
2949,Rasulpur,305
2950,Sreemantapur,305
2951,Ahsanganj,306
2952,Bhoupara,306
2953,Bisha,306
2954,Hatkalupara,306
2955,Kalikapur,306
2956,Maniari,306
2957,Panchupur,306
2958,Sahagol,306
2959,Bhalain,307
2960,Bharson,307
2961,Bishnopur,307
2962,Ganeshpur,307
2963,Kalikapur,307
2964,Kansupara,307
2965,Kashab,307
2966,Kusumba,307
2967,Moinam,307
2968,Manda,307
2969,Nurullabad,307
2970,Paranpur,307
2971,Prasadpur,307
2972,Tentulia,307
2973,Adhaipur,308
2974,Badalgachhi,308
2975,Balubhara,308
2976,Bilasbari,308
2977,Kola,308
2978,Mathurapur,308
2979,Midhapur,308
2980,Paharpur,308
2981,Auria,309
2982,Banshgram,309
2983,Bhadrabila,309
2984,Bichhali,309
2985,Chandibarpur,309
2986,Habakhali,309
2987,Kalora,309
2988,Maijpara,309
2989,Mulia,309
2990,Sahabad,309
2991,Shekhhati,309
2992,Singasholelpur,309
2993,Tularampur,309
2994,Dighalia,310
2995,Itna,310
2996,Joypur,310
2997,Kashipur,310
2998,Kotakol,310
2999,Lahoria,310
3000,Laxmipasha,310
3001,Lohagara,310
3002,Mallikpur,310
3003,Naldi,310
3004,Noagram,310
3005,Shalnagar,310
3006,Babrahachla,311
3007,Baoishona,311
3008,Chanchuri,311
3009,Hamidpur,311
3010,Joynagar,311
3011,Kalabaria,311
3012,Khasial,311
3013,Mauli,311
3014,Paharbhanga,311
3015,Peroli,311
3016,Purulia,311
3017,Salamabad,311
3018,Iliasabad,311
3019,Araihazar,312
3020,Bishnadi,312
3021,Brahmandi,312
3022,Duptara,312
3023,Fatepur,312
3024,Haizadi,312
3025,Kalaipaharia,312
3026,Khagakanda,312
3027,Mahmudpur,312
3028,Sadasadi,312
3029,Satgram,312
3030,Uchitpura,312
3031,Bholabo,313
3032,Bhulta,313
3033,Daudpur,313
3034,Holakandail,313
3035,Kayetpara,313
3036,Murapara,313
3037,Rupganj,313
3038,Bandar,314
3039,Dhamgar,314
3040,Kolagachia,314
3041,Madanpur,314
3042,Musapur,314
3043,Baidyerbazar,315
3044,Baradi,315
3045,Jampur,315
3046,Kachpur,315
3047,Mograpara,315
3048,Noagaon,315
3049,Pirojpur,315
3050,Sadipur,315
3051,Shambhupura,315
3052,Sanmanadi,315
3053,Alirtek,316
3054,Baktabali,316
3055,Enayetnagar,316
3056,Fatulla,316
3057,Godnail,316
3058,Gognagar,316
3059,Kashipur,316
3060,Kutubpur,316
3061,Siddirganj,316
3062,Sumilpara,316
3063,Ayubpur,317
3064,Baghaba,317
3065,Chakradha,317
3066,Dulalpur,317
3067,Joshor,317
3068,Joynagar,317
3069,Machhimpur,317
3070,Putia,317
3071,Sadharchar,317
3072,Char Sindur,318
3073,Danga,318
3074,Gazaria,318
3075,Jinardi,318
3076,Alokbali,319
3077,Amdia,319
3078,Chardighaldi,319
3079,Chinishpur,319
3080,Hajipur,319
3081,Karimpur,319
3082,Kathalia,319
3083,Nuralapur,319
3084,Mahishasura,319
3085,Meherpara,319
3086,Nazarpur,319
3087,Poikarchar,319
3088,Panchdona,319
3089,Silmandi,319
3090,Adiabad,320
3091,Alipura,320
3092,Amirganj,320
3093,Banshgari,320
3094,Chanderkandi,320
3095,Chanpur,320
3096,Char Aralia,320
3097,Charmadhua,320
3098,Charsubuddi,320
3099,Dowkarchar,320
3100,Hairmara,320
3101,Maheshpur,320
3102,Marjal,320
3103,Mirzanagar,320
3104,Mirzapur,320
3105,Mirzarchar,320
3106,Musapur,320
3107,Nilakhya,320
3108,Palashtali,320
3109,Paratali,320
3110,Radhanagar,320
3111,Roypura,320
3112,Sreenagar,320
3113,Uttarbakharnagar,320
3114,Amlaba,321
3115,Bajnabo,321
3116,Belabo,321
3117,Binnabaid,321
3118,Narayanpur,321
3119,Patuli,321
3120,Sallabad,321
3121,Charujilab,321
3122,Barachapa,322
3123,Chalakchar,322
3124,Chandanbari,322
3125,Charmandalia,322
3126,Daulatpur,322
3127,Akduaria,322
3128,Gotashia,322
3129,Kanchikata,322
3130,Khidirpur,322
3131,Lebutala,322
3132,Shukundi,322
3133,Bagatipara,323
3134,Dayarampur,323
3135,Panka,323
3136,Jamnagar,323
3137,Faguardiar,323
3138,Baraigram,324
3139,Chandail,324
3140,Gopalpur,324
3141,Joari,324
3142,Jonail,324
3143,Majgaon,324
3144,Nagar,324
3145,Biaghat,325
3146,Chapila,325
3147,Tharabarisha,325
3148,Khubjipur,325
3149,Mushinda,325
3150,Nazirpur,325
3151,Arbar,326
3152,Bilmaria,326
3153,Chongdhupail,326
3154,Duaria,326
3155,Durduria,326
3156,Arjanpur Baramhati,326
3157,Ishwardi,326
3158,Kadamchilan,326
3159,Lalpur,326
3160,Walia,326
3161,Baraharishpur,327
3162,Biprabelgharia,327
3163,Brahmapur,327
3164,Chhatni,327
3165,Dighapotia,327
3166,Halsa,327
3167,Kafuria,327
3168,Khajura,327
3169,Laxmipur Kholabaria,327
3170,Madhnagar,327
3171,Piprul,327
3172,Tebaria,327
3173,Chamari,328
3174,Chhatardighi,328
3175,Chowgram,328
3176,Dahia,328
3177,Hatiandaha,328
3178,Italy,328
3179,Kalom,328
3180,Lalore,328
3181,Ramananda Khajura,328
3182,Sherkole,328
3183,Tajpur,328
3184,Sukash,328
3185,Asujia,329
3186,Balaishimul,329
3187,Chirang,329
3188,Dalpa,329
3189,Garadoba,329
3190,Ganda,329
3191,Kandiura,329
3192,Mashka,329
3193,Muzaffarpur,329
3194,Noapara,329
3195,Paikura,329
3196,Roailbari,329
3197,Sandikona,329
3198,Baniajan,330
3199,Duaz,330
3200,Loneshwar,330
3201,Sawarmusia,330
3202,Sukhari,330
3203,Sunai,330
3204,Teligati,330
3205,Asma,331
3206,Barhatta,331
3207,Bausi,331
3208,Chhiram,331
3209,Roypur,331
3210,Sahata,331
3211,Singdha,331
3212,Bakaljora,332
3213,Birisiri,332
3214,Chandigarh,332
3215,Durgapur,332
3216,Gawakandi,332
3217,Kakairgara,332
3218,Kullagara,332
3219,Bara Khapan,333
3220,Kailati,333
3221,Kalmakanda,333
3222,Kharnai,333
3223,Lengura,333
3224,Nazirpur,333
3225,Pogla,333
3226,Rangchhati,333
3227,Fatehpur,334
3228,Gobindasree,334
3229,Kaitail,334
3230,Madan,334
3231,Maghan,334
3232,Nayekpur,334
3233,Tiasree,334
3234,Changaon,334
3235,Bara Kashia Birampur,335
3236,Baratali Banihari,335
3237,Gaglajore,335
3238,Maghan Siadhar,335
3239,Samaj Sahildeo,335
3240,Suair,335
3241,Tentulia,335
3242,Amtala,336
3243,Challisha,336
3244,Dakshin Bishiura,336
3245,Kailati,336
3246,Kaliara Gabragati,336
3247,Laxmiganj,336
3248,Madanpur,336
3249,Medni,336
3250,Maugati,336
3251,Rauha,336
3252,Singher Bangla,336
3253,Thakurakona,336
3254,Agia,337
3255,Bairati,337
3256,Bishkakunia,337
3257,Dhala Mulgaon,337
3258,Ghagra,337
3259,Gohalakanda,337
3260,Hogla,337
3261,Jaria,337
3262,Khalishaur,337
3263,Narandia,337
3264,Purbadhala,337
3265,Chakua,338
3266,Khaliajuri,338
3267,Krishnapur,338
3268,Mendipur,338
3269,Nagar,338
3270,Gazipur,338
3271,Balapara,339
3272,Dimla,339
3273,Gayabari,339
3274,Jhunagachhchapani,339
3275,Khalishachapani,339
3276,Khogakharibari,339
3277,Naotara,339
3278,Paschimchhatnai,339
3279,Purbachhatnai,339
3280,Tepakharibari,339
3281,Bamunia,340
3282,Bhogdaburi,340
3283,Boragari,340
3284,Domar,340
3285,Gomnati,340
3286,Harinchara,340
3287,Jorabari,340
3288,Ketkibari,340
3289,Pangamutakpur,340
3290,Sonaroy,340
3291,Balagram,341
3292,Daoabari,341
3293,Dharmapal,341
3294,Golmunda,341
3295,Golna,341
3296,Koimari,341
3297,Kanthali,341
3298,Khutamara,341
3299,Mirganj,341
3300,Shimulbari,341
3301,Shoulmari,341
3302,Bahagili,342
3303,Barabhita,342
3304,Chandkhana,342
3305,Garagram,342
3306,Kishoreganj,342
3307,Magura,342
3308,Nitai,342
3309,Putimari,342
3310,Ranachandi,342
3311,Chaprasaramjani,343
3312,Charaikhola,343
3313,Chaorabargachha,343
3314,Gorgram,343
3315,Itakhola,343
3316,Kachukata,343
3317,Khokshabari,343
3318,Kundupukur,343
3319,Laxmichap,343
3320,Panchapukur,343
3321,Palashbari,343
3322,Ramnagar,343
3323,Songolshi,343
3324,Sonaroy,343
3325,Tupamari,343
3326,Bangalipur,344
3327,Botlagari,344
3328,Kamarpukur,344
3329,Khatamadhupur,344
3330,Kushirambelpukur,344
3331,Char Amanullah,345
3332,Char Bata,345
3333,Char Jubaly,345
3334,Char Clerk,345
3335,Char Jabbar,345
3336,Char Wapda,345
3337,Batya,346
3338,Chaprashirhat,346
3339,Ghoshbag,346
3340,Narottampur,346
3341,Sundalpur,346
3342,Ambarnagar,347
3343,Amisha Para,347
3344,Bazra,347
3345,Deoti,347
3346,Jayag,347
3347,Nadana,347
3348,Nateshwar,347
3349,Sonaimuri,347
3350,Sonapur,347
3351,Baragaon,347
3352,Chashir Hat (Old Sonaimuri),347
3353,Ashwadia,348
3354,Batya,348
3355,Binodpur,348
3356,Char Matua,348
3357,Dadpur,348
3358,Ewazbalia,348
3359,Ghoshbag,348
3360,Kadir Hanif,348
3361,Kaladarap,348
3362,Narottampur,348
3363,Noazpur,348
3364,Noakhali,348
3365,Noannai,348
3366,Sundalpur,348
3367,Badalkut,349
3368,Hatpukoria,349
3369,Khil Para,349
3370,Mohammadpur,349
3371,Nayakhola,349
3372,Panchgaon,349
3373,Parkote,349
3374,Ramnarayanpur,349
3375,Sahapur,349
3376,Alyarpur,350
3377,Amanullapur,350
3378,Begumganj,350
3379,Chhayani,350
3380,Durgapur,350
3381,Eklashpur,350
3382,Gopalpur,350
3383,Narottampur,350
3384,Hajipur,350
3385,Jirtali,350
3386,Kadirpur,350
3387,Kutubpur,350
3388,Mir Warishpur,350
3389,Rajganj,350
3390,Rasulpur,350
3391,Sharifpur,350
3392,Char Elahi,351
3393,Char Fakira,351
3394,Char Hazari,351
3395,Char Kakra,351
3396,Char Parbati,351
3397,Musapur,351
3398,Rampur,351
3399,Sirajpur,351
3400,Burir Char,352
3401,Char Ishwar,352
3402,Char King,352
3403,Harni Chanandi,352
3404,Jahajmara,352
3405,Nalchira,352
3406,Sonadia,352
3407,Sukh Char,352
3408,Tamaruddin,352
3409,Nijhumdip,352
3410,Arjuntala,353
3411,Bijbagh,353
3412,Chhatarpaia,353
3413,Dumuria,353
3414,Kabilpur,353
3415,Kadra,353
3416,Kesharpar,353
3417,Mohammadpur,353
3418,Nabipur,353
3419,Chandbha,354
3420,Debottar,354
3421,Ekdanta,354
3422,Laxmipur,354
3423,Majhpara,354
3424,Bera  ,354
3425,Dhalarchar,354
3426,Haturia Nakalia,354
3427,Jatsakini,354
3428,Masumdia,354
3429,Natun Bharenga,354
3430,Puran Bharenga,354
3431,Ruppur,354
3432,Chakla,354
3433,Kaitola,354
3434,Beelchalan,355
3435,Chhoykula,355
3436,D.B. Gram,355
3437,Failjana,355
3438,Gunaigachha,355
3439,Handial,355
3440,Haripur,355
3441,Madhurapur,355
3442,Mulgram,355
3443,Nimaichara,355
3444,Parshwadanga,355
3445,Banwarinagar,356
3446,B.L. Bari,356
3447,Demra,356
3448,Faridpur,356
3449,Hadol,356
3450,Punguli,356
3451,Dashuria,357
3452,Laxmikundo,357
3453,Muladuli,357
3454,Pakshi,357
3455,Sahapur,357
3456,Solimpur,357
3457,Sara,357
3458,Ashtamanisha,358
3459,Bhangura,358
3460,Dilpashar,358
3461,Khanmarich,358
3462,Par Bhangura,358
3463,Ahammadpur,359
3464,Dulai,359
3465,Hatkhali,359
3466,Manikhat,359
3467,Nazirganj,359
3468,Raninagar,359
3469,Sagarkandi,359
3470,Satbaria,359
3471,Sujanagar,359
3472,Tantiband,359
3473,Ar-Ataikola,360
3474,Bhulbaria,360
3475,Dhopadaha,360
3476,Dhulauri,360
3477,Gaurigram,360
3478,Karamja,360
3479,Kashinathpur,360
3480,Khetupara,360
3481,Nagdemra,360
3482,Nandanpur,360
3483,Ataikula,361
3484,Bharara,361
3485,Chartarapur,361
3486,Dapunia,361
3487,Dogachhi,361
3488,Gayeshpur,361
3489,Hemayetpur,361
3490,Malnanchi,361
3491,Maligachha,361
3492,Sadullapur,361
3493,Barashashi,362
3494,Benghari Banagram,362
3495,Boda,362
3496,Chandanbari,362
3497,Jhaloishalshiri,362
3498,Kajaldighi Kaliaganj,362
3499,Maidandighi,362
3500,Marea Bamanhat,362
3501,Panchpir,362
3502,Sakoa,362
3503,Alowakhaowa,363
3504,Balarampur,363
3505,Dhamor,363
3506,Mirzapur,363
3507,Radhanagar,363
3508,Toreya,363
3509,Changthihazaradanga,364
3510,Chilahati,364
3511,Dandapal,364
3512,Debiduba,364
3513,Debiganj,364
3514,Pamuli,364
3515,Shaldanga,364
3516,Sonahar,364
3517,Sundardighi,364
3518,Tepriganj,364
3519,Amarkhana,365
3520,Chaklahat,365
3521,Hafizabad,365
3522,Dhakkamara,365
3523,Garinabari,365
3524,Haribhasha,365
3525,Kamat Kajaldighi,365
3526,Magura,365
3527,Panchagarh,365
3528,Satmera,365
3529,Banglabandha,366
3530,Bhajonpur,366
3531,Debnagar,366
3532,Buraburi,366
3533,Salbahan,366
3534,Tentulia,366
3535,Tirnoihat,366
3536,Amkhola,367
3537,Bakulbaria,367
3538,Bara Baisdia,367
3539,Chalitabunia,367
3540,Char Kajal,367
3541,Chhota Baisdia,367
3542,Chiknikandi,367
3543,Dakua,367
3544,Galachipa,367
3545,Golkhali,367
3546,Panpatty,367
3547,Rangabali,367
3548,Ratandi Taltali,367
3549,Char Bishwas,367
3550,Char Montaj,367
3551,Gazalia,367
3552,Kallyankalas,367
3553,Chiknikandi,367
3554,Dakua,367
3555,Golkhali,367
3556,Panpatty,367
3557,Ratandi Taltali,367
3558,Kallyankalas,367
3559,Alipura,368
3560,Bahrampur,368
3561,Banshbaria,368
3562,Betagi Sankipur,368
3563,Dashmina,368
3564,Rangopaldi,368
3565,Chakamaiya,369
3566,Khaprabhanga,369
3567,Dhulaswar,369
3568,Lalua,369
3569,Lata Chapli,369
3570,Dhankhali,369
3571,Mithaganj,369
3572,Nilganj,369
3573,Tiakhali,369
3574,Amragachhia,370
3575,Deuli Subidkhali,370
3576,Kakrabunia,370
3577,Mazidbaria,370
3578,Madhabkhali,370
3579,Mirzaganj,370
3580,Badarpur,371
3581,Chhota Bighai,371
3582,Auliapur,371
3583,Itabaria,371
3584,Jainkathi,371
3585,Bara Bighai,371
3586,Kalikapur,371
3587,Kamalapur,371
3588,Lowkathi,371
3589,Lohalia,371
3590,Madarbunia,371
3591,Marichbunia,371
3592,Angaria,372
3593,Lebukhali,372
3594,Muradia,372
3595,Pangashia,372
3596,Adabaria,373
3597,Boga,373
3598,Bauphal,373
3599,Daspara,373
3600,Dhulia,373
3601,Kanchi Para,373
3602,Kalaiya,373
3603,Kalisuri,373
3604,Kanakdia,373
3605,Keshabpur,373
3606,Madanpura,373
3607,Nowmala,373
3608,Nazirpur,373
3609,Surjyamani,373
3610,Bali Para,374
3611,Parerhat,374
3612,Pattashi,374
3613,Durgapur,375
3614,Kadamtola,375
3615,Kalakhali,375
3616,Shankarpasha,375
3617,Sariktola,375
3618,Sikdar Mollik,375
3619,Toana,375
3620,Dirgha,376
3621,Purba Deulbaridobra,376
3622,Malikhali,376
3623,Matibhanga,376
3624,Nazirpur,376
3625,Sekhmatia,376
3626,Shankharikathi,376
3627,Sreeramkathi,376
3628,Atghar Kutiana,377
3629,Baldia,377
3630,Daihari,377
3631,Guarekha,377
3632,Jalabari,377
3633,Samudaykati,377
3634,Sarengkati,377
3635,Sohagdal,377
3636,Sutiakathi,377
3637,Nesarabad (Swarupkathi),377
3638,Bhandaria,378
3639,Bhitabaria,378
3640,Dhaoa,378
3641,Gauripur,378
3642,Ishri,378
3643,Nadmulla,378
3644,Telikhali,378
3645,Amrachuri,379
3646,Chira Para Parsaturia,379
3647,Kawkhali,379
3648,Sayna Raghunathpur,379
3649,Shialkathi,379
3650,Amragachhia,380
3651,Bara Machhua,380
3652,Betmore Rajpara,380
3653,Daudkhali,380
3654,Dhanisapa,380
3655,Gulishakhali,380
3656,Mathbaria,380
3657,Mirukhali,380
3658,Sapleza,380
3659,Tikikata,380
3660,Tushkhali,380
3661,Baharpur,381
3662,Baliakandi,381
3663,Jamalpur,381
3664,Jangal,381
3665,Narua,381
3666,Nawabpur,381
3667,Islampur,381
3668,Chhotabhakla,382
3669,Daulatdia,382
3670,Debagram,382
3671,Ujanchar,382
3672,Bahadurpur,383
3673,Habashpur,383
3674,Jhashai,383
3675,Kalimahar,383
3676,Kasbamajail,383
3677,Machhpara,383
3678,Maurat,383
3679,Babupara,383
3680,Patta,383
3681,Sarisha,383
3682,Alipur,384
3683,Banibaha,384
3684,Barat,384
3685,Basantapur,384
3686,Chandani,384
3687,Dadshi,384
3688,Khankhanapur,384
3689,Khanganj,384
3690,Mizanpur,384
3691,Mulghar,384
3692,Panchuria,384
3693,Ramkantapur,384
3694,Shahid Wahabpur,384
3695,Sultanpur,384
3696,Boalia,385
3697,Kalikapur,385
3698,Majbari,385
3699,Madapur,385
3700,Mrigi,385
3701,Ratandia,385
3702,Sawrail,385
3703,Basudebpur,386
3704,Char Ashariadaha,386
3705,Dewpara,386
3706,Godagari,386
3707,Gogram,386
3708,Matikata,386
3709,Mohanpur,386
3710,Pakri,386
3711,Rishikul,386
3712,Baragachhi,387
3713,Damkur,387
3714,Darshan Para,387
3715,Haragram,387
3716,Harian,387
3717,Haripur,387
3718,Hujuri Para,387
3719,Parila,387
3720,Arani,388
3721,Bajubagha,388
3722,Bausa,388
3723,Gargari,388
3724,Manigram,388
3725,Pakuria,388
3726,Aichpara,389
3727,Barabihanoli,389
3728,Basupara,389
3729,Dwippur,389
3730,Goalkandi,389
3731,Gobinda Para,389
3732,Ganipur,389
3733,Hamirkutsha,389
3734,Jhikra,389
3735,Jogipara,389
3736,Maria,389
3737,Nordas,389
3738,Sreepur,389
3739,Sonadanga,389
3740,Subhadanga,389
3741,Kachari-Koalipara,389
3742,Bhaya Laxmipur,390
3743,Charghat,390
3744,Yousufpur,390
3745,Nimpara,390
3746,Salua,390
3747,Sardah,390
3748,Deluabari,391
3749,Pananagar,391
3750,Jhaluka,391
3751,Joynagar,391
3752,Kismatgankoir,391
3753,Maria,391
3754,Nowpara,391
3755,Bachshimuil,392
3756,Dhurail,392
3757,Ghasigram,392
3758,Jahanabad,392
3759,Mougachhi,392
3760,Royghati,392
3761,Baneshwar,393
3762,Belpukuria,393
3763,Bhalukgachhi,393
3764,Jewpara,393
3765,Puthia,393
3766,Silmaria,393
3767,Badhair,394
3768,Kalma,394
3769,Kamargaon,394
3770,Pachandar,394
3771,Soronjai,394
3772,Talonda,394
3773,Chanduria,394
3774,Kakra Chhari(B.Halia),395
3775,Ghila Chhari,395
3776,Gaindya,395
3777,Belai Chhari,396
3778,Farua,396
3779,Kangra Chhari,396
3780,Banduk Bhanga,397
3781,Balukhali,397
3782,Jibtali,397
3783,Kutuk Chhari,397
3784,Magban,397
3785,Sapchhari,397
3786,Baghai Chhari,398
3787,Bangaltali,398
3788,Saroatali,398
3789,Kedarmara,398
3790,Marishya,398
3791,Rupakari,398
3792,Sajek,398
3793,Chandraghona,399
3794,Chitmarang,399
3795,Kaptai,399
3796,Raikhali,399
3797,Waggya,399
3798,Burighat,400
3799,Ghila Chhari,400
3800,Naniarchar,400
3801,Sabekhyong,400
3802,Banjugi Chhara,401
3803,Dumdumya,401
3804,Jurai Chhari,401
3805,Maidang,401
3806,Atarkara,402
3807,Bhasanya Adam,402
3808,Bagachattar,402
3809,Gulshakhali,402
3810,Kalapakurjya,402
3811,Langadu,402
3812,Mayanimukh,402
3813,Barkal  ,402
3814,Aima Chhara,402
3815,Bara Harina,402
3816,Barkal,402
3817,Bhushan Chhara,402
3818,Shublong,402
3819,Betbunia,403
3820,Fatik Chhari,403
3821,Ghagra,403
3822,Kalampati,403
3823,Annadannagar,404
3824,Chhaola,404
3825,Itakumari,404
3826,Koikuri,404
3827,Kalyani,404
3828,Kandi,404
3829,Parul,404
3830,Pirgachha,404
3831,Tambulpur,404
3832,Chandanpat,405
3833,Darshana,405
3834,Haridebpur,405
3835,Mominpur,405
3836,Parswuram,405
3837,Rajendrapur,405
3838,Sadyapushkarini,405
3839,Satgara,405
3840,Tampat,405
3841,Tapodhon,405
3842,Uttam,405
3843,Bara Alampur,406
3844,Bara Dargah,406
3845,Bhendabari,406
3846,Chaitrakal,406
3847,Chatra,406
3848,Kabilpur,406
3849,Kumedpur,406
3850,Madankhali,406
3851,Mithipur,406
3852,Panchgachhi,406
3853,Pirganj,406
3854,Roypur,406
3855,Ramnathpur,406
3856,Shanerhat,406
3857,Tukuria,406
3858,Baluamasimpur,407
3859,Barabala,407
3860,Bara Hazratpur,407
3861,Balarhat,407
3862,Bhangni,407
3863,Chengmari,407
3864,Durgapur,407
3865,Imadpur,407
3866,Gopalpur,407
3867,Kafrikhal,407
3868,Khoragachh,407
3869,Latibpur,407
3870,Malonpur,407
3871,Mirzapur,407
3872,Moyenpur,407
3873,Pairaband,407
3874,Ranipukur,407
3875,Alampur,408
3876,Ikarchali,408
3877,Hariarkuthi,408
3878,Kursha,408
3879,Sayar,408
3880,Haragachh,409
3881,Kaunia Balapara,409
3882,Kursha,409
3883,Sarai,409
3884,Shahidbagh,409
3885,Tepamadhupur,409
3886,Alambiditor,410
3887,Barabil,410
3888,Betgari,410
3889,Gangachara,410
3890,Gajaghanta,410
3891,Kholeya,410
3892,Kolkond,410
3893,Laxmitari,410
3894,Maraneya,410
3895,Nohali,410
3896,Bishnupur,411
3897,Damodarpur,411
3898,Gopalpur,411
3899,Gopinathpur,411
3900,Kutubpur,411
3901,Lohanipara,411
3902,Madhupur,411
3903,Radhanagar,411
3904,Ramnathpur,411
3905,Kalupara,411
3906,Anulia,412
3907,Assasuni,412
3908,Baradal,412
3909,Badhhata,412
3910,Dargahpur,412
3911,Khajra,412
3912,Kulla,412
3913,Pratapnagar,412
3914,Sobhnali,412
3915,Sreeula,412
3916,Kadakati,412
3917,Chandanpur,413
3918,Deara,413
3919,Koyla,413
3920,Helatola,413
3921,Jalalabad,413
3922,Joynagar,413
3923,Jugikhali,413
3924,Kerakati,413
3925,Keralkata,413
3926,Kushadanga,413
3927,Langoljhara,413
3928,Sonabaria,413
3929,Alipur,414
3930,Agordari,414
3931,Bekari,414
3932,Bolli,414
3933,Banshdaha,414
3934,Bhomra,414
3935,Bramharajpur,414
3936,Fingri,414
3937,Dhulihar,414
3938,Ghona,414
3939,Jhaudanga,414
3940,Kuskhali,414
3941,Labsa,414
3942,Shibpur,414
3943,Bharasimla,415
3944,Bishnupur,415
3945,Champaphul,415
3946,Dakshinsreepur,415
3947,Dhalbaria,415
3948,Krishnanagar,415
3949,Kushlia,415
3950,Mathureshpur,415
3951,Motala,415
3952,Nalta,415
3953,Ratanpur,415
3954,Tarali,415
3955,Debhata,416
3956,Kulia,416
3957,Noapara,416
3958,Parulia,416
3959,Sakhipur,416
3960,Atulia,417
3961,Surulia,417
3962,Burigoalini,417
3963,Gabura,417
3964,Ishwaripur,417
3965,Koikhali,417
3966,Kashimari,417
3967,Munshiganj,417
3968,Nurnagar,417
3969,Padmapukur,417
3970,Ramjannagar,417
3971,Shyamnagar,417
3972,Dhandia,418
3973,Islamkati,418
3974,Jalalpur,418
3975,Khalilnagar,418
3976,Khaliskhali,418
3977,Khesra,418
3978,Kumira,418
3979,Magura,418
3980,Nagarghata,418
3981,Sarulia,418
3982,Tala,418
3983,Tentulia,418
3984,Baruhas,419
3985,Deshigram,419
3986,Maidnagar,419
3987,Magurabinod,419
3988,Naogaon,419
3989,Saguna,419
3990,Talom,419
3991,Tarash,419
3992,Bangala,420
3993,Barahar,420
3994,Bara Pangashi,420
3995,Durganagar,420
3996,Hati Kumrul,420
3997,Mohanpur,420
3998,Panchakroshi,420
3999,Purnimagati,420
4000,Ramkrishnapur,420
4001,Salonga,420
4002,Salap,420
4003,Udunia,420
4004,Ullapara,420
4005,Bagbati,421
4006,Bahuli,421
4007,Kaliaharipur,421
4008,Kawrakhola,421
4009,Khoksabari,421
4010,Mechhra,421
4011,Ratankandi,421
4012,Sardabad,421
4013,Shialkol,421
4014,Chhangachh,421
4015,Beltail,422
4016,Gala,422
4017,Garadaha,422
4018,Jalalpur,422
4019,Koijuri,422
4020,Kayempur,422
4021,Khukni,422
4022,Narina,422
4023,Porajona,422
4024,Potajia,422
4025,Rupabati,422
4026,Habullah Nagar,422
4027,Sonatani,422
4028,Brahmagachh,423
4029,Chandaikona,423
4030,Dhamainagar,423
4031,Dhangara,423
4032,Dhubil,423
4033,Ghurkha,423
4034,Nalka,423
4035,Pangashi,423
4036,Sonakhara,423
4037,Chargirish,424
4038,Chalitadanga,424
4039,Gondhail,424
4040,Kazipur,424
4041,Khasrabari,424
4042,Maijbari,424
4043,Natuarpara,424
4044,Nishchintapur,424
4045,Sonamukhi,424
4046,Subhagachha,424
4047,Tekani,424
4048,Moonsurnagar,424
4049,Ghorjan,425
4050,Umarpur,425
4051,Sadiachandpur,425
4052,Sthal,425
4053,Khashkawlia,425
4054,Khashpukuria,425
4055,Baghutia,425
4056,Baradhul,426
4057,Belkuchi,426
4058,Bhangabari,426
4059,Daulatpur,426
4060,Dhakuriabera,426
4061,Rajapur,426
4062,Bhadraghat,427
4063,Jamtair,427
4064,Baol,427
4065,Roydaulatpur,427
4066,Arshinagar,428
4067,Char Bhaga,428
4068,Char Kumaria,428
4069,Chhaygaon,428
4070,D.M. Khali,428
4071,Kanchikata,428
4072,Mahisar,428
4073,Narayanpur,428
4074,Rambhadrapur,428
4075,Sakhipur,428
4076,Tarabunia (U),428
4077,Tarabunia (D),428
4078,Char Sensus,428
4079,Islampur,429
4080,Darul Aman,429
4081,Dhankati,429
4082,Kaneshwar,429
4083,Purba Damudya,429
4084,Sidulkura,429
4085,Sidya,429
4086,Gariber Char,430
4087,Gosairhat,430
4088,Idilpur,430
4089,Kodalpur,430
4090,Nagerpara,430
4091,Nalmuri,430
4092,Samantasar,430
4093,Bhojeshwar,431
4094,Bhumkhara,431
4095,Bijhari,431
4096,Chamta,431
4097,Char Atra,431
4098,Dinga Manik,431
4099,Fatejangapur,431
4100,Gharisar,431
4101,Japsa,431
4102,Kedarpur,431
4103,Moktarerchar,431
4104,Nashason,431
4105,Nawpara,431
4106,Rajnagar,431
4107,Angaria,432
4108,Binodpur,432
4109,Chandrapur,432
4110,Chikandi,432
4111,Chitalia,432
4112,Bhomsar,432
4113,Mahmudpur,432
4114,Palong,432
4115,Rudrakar,432
4116,Shoulpara,432
4117,Tulasar,432
4118,Bara Gopalpur,433
4119,Barakandi,433
4120,B. K. Nagar,433
4121,Bilaspur,433
4122,Joynagar,433
4123,Kunder Char,433
4124,Mulna,433
4125,Naodoba,433
4126,Paler Char,433
4127,Purba Naodoba,433
4128,Sener Char,433
4129,Zanjira,433
4130,Baneshwardi,434
4131,Chandrakona,434
4132,Char Ashtadhar,434
4133,Ganapaddi,434
4134,Gourdwar,434
4135,Nakla,434
4136,Pathakata,434
4137,Talki,434
4138,Urpha,434
4139,Dhansail,435
4140,Gauripur,435
4141,Hatibandha,435
4142,Malijhikanda,435
4143,Jhenaigati,435
4144,Kangsa,435
4145,Nalkura,435
4146,Baghber,436
4147,Jogania,436
4148,Kakrakandi,436
4149,Marichpuran,436
4150,Nalitabari,436
4151,Poragaon,436
4152,Nunni,436
4153,Nayabil,436
4154,Rajnagar,436
4155,Ramchandrakura,436
4156,Rupnarayankura,436
4157,Kalaspar,436
4158,Bajitkhila,437
4159,Balyer Char,437
4160,Bhatsala,437
4161,Betmari Ghughurakandi,437
4162,Char Mucharia,437
4163,Char Pakshimari,437
4164,Char Sherpur,437
4165,Dhala,437
4166,Gazir Khamar,437
4167,Kamarer Char,437
4168,Kamaria,437
4169,Laxmanpur,437
4170,Pakuria,437
4171,Rauha Betmari,437
4172,Bhelua,438
4173,Garjaripa,438
4174,Gosaipur,438
4175,Kakilakura,438
4176,Kharia Kazir Char,438
4177,Kurikahania,438
4178,Rani Shimul,438
4179,Singa Baruna,438
4180,Sreebardi,438
4181,Tantihati,438
4182,Dorgapasha,439
4183,Joykalas,439
4184,Patharia,439
4185,Shimulbak,439
4186,Paschim Birgaon,439
4187,Paschim Pagla,439
4188,Purba Birgoan,439
4189,Purba Pagla,439
4190,Dakshin Badaghat,440
4191,Dhanpur,440
4192,Fatehpur,440
4193,Palash,440
4194,Salukabad,440
4195,Balijuri,441
4196,Dakshin Sreepur,441
4197,Dakshin Baradal,441
4198,Tahirpur,441
4199,Badaghat,441
4200,Uttar Baradal,441
4201,Uttar Sreepur,441
4202,Aptabnagar,442
4203,Gourararang,442
4204,Laxmansree,442
4205,Mohanpur,442
4206,Mollah Para,442
4207,Rangar Char,442
4208,Surma,442
4209,Jahangirnagar,442
4210,Atgaon,443
4211,Bahara,443
4212,Habibpur,443
4213,Salla,443
4214,Beheli,444
4215,Bhimkhali,444
4216,Fenarbak,444
4217,Jamalganj,444
4218,Sachna Bazar,444
4219,Asharkandi,445
4220,Haldipur,445
4221,Kalkalia,445
4222,Mirpur,445
4223,Pailgaon,445
4224,Patali,445
4225,Raniganj,445
4226,Sayedpur-Saharpara,445
4227,Fenshuganj,445
4228,Gilachara,445
4229,Maizgaon,445
4230,Bangla Bazar,446
4231,Dowarabazar,446
4232,Duhalia,446
4233,Laxmipur,446
4234,Mannargaon,446
4235,Narsingpur,446
4236,Pandergaon,446
4237,Dakshin Sukhair,447
4238,Chamardani,447
4239,Dakshin Bongshikunda,447
4240,Dharmapasha,447
4241,Joysree,447
4242,Madhyanagar,447
4243,Paikorati,447
4244,Selborash,447
4245,Uttar Sukhair Rajapur,447
4246,Uttar Bangshikunda,447
4247,Bhatgaon,448
4248,Chhatak,448
4249,Charmahalla,448
4250,Dular Bazar,448
4251,Dakshin Khurma,448
4252,Islampur,448
4253,Jawa Bazar,448
4254,Kalaruka,448
4255,Noarai,448
4256,Sedergaon,448
4257,Afzalabad,448
4258,Sing Chapair,448
4259,Uttar Khurma,448
4260,Bhati Para,449
4261,Charnar Char,449
4262,Sarmangal,449
4263,Jasdhal,449
4264,Karimpur,449
4265,Kulanja,449
4266,Rafinagar,449
4267,Rajanagar,449
4268,Taral,449
4269,Islampur Paschim,450
4270,Ranikhali Uttar,450
4271,Telikhal,450
4272,Islampur Purba,450
4273,Ichhakalash,450
4274,Dakshin Ranikhai,450
4275,Bara Chatul,451
4276,Dakshin Banigram,451
4277,Jhingabari,451
4278,Kanaighat,451
4279,Paschim Laxmi Prasad,451
4280,Shatbank,451
4281,Purba Laxmi Prasad,451
4282,Purba Dighirpar,451
4283,Rajaganj,451
4284,Baraikandi,452
4285,Daudpur,452
4286,Jalalpur,452
4287,Kuchai,452
4288,Lal Bazar,452
4289,Mogal Bazar,452
4290,Mollargaon,452
4291,Silam,452
4292,Tetli,452
4293,Barahal,453
4294,Bara Thakuri,453
4295,Birasree,453
4296,Kas Kanakpur,453
4297,Kajalshah,453
4298,Kholachhara,453
4299,Manikpur,453
4300,Sultanpur,453
4301,Zakiganj,453
4302,Hatkhola,454
4303,Jalalabad,454
4304,Kandigaon,454
4305,Khadimnagar,454
4306,Khadim Para,454
4307,Mogalgaon,454
4308,Tuker Bazar,454
4309,Tultikar,454
4310,Charikata,455
4311,Darbasta,455
4312,Fatehpur,455
4313,Jointapur,455
4314,Nijpat,455
4315,Chikangul,455
4316,Alirgaon,456
4317,Fatehpur,456
4318,Lengura,456
4319,Nandirgaon,456
4320,Paschim Jaflong,456
4321,Purba Jaflong,456
4322,Rustampur,456
4323,Towakul,456
4324,Fenchuganj,457
4325,Gilachhara,457
4326,Maijgaon,457
4327,Alankari,458
4328,Bishwanath,458
4329,Daulatpur,458
4330,Deokalas,458
4331,Dasghar,458
4332,Khazanchi,458
4333,Lama Kazi,458
4334,Rampasha,458
4335,Alinagar,459
4336,Mollahpur,459
4337,Charkhai,459
4338,Dubag,459
4339,Kurar Bazar,459
4340,Lauta,459
4341,Mathiura,459
4342,Muria,459
4343,Sheola,459
4344,Tilpara,459
4345,Balaganj,460
4346,Boaljur,460
4347,Buronga Bazar,460
4348,Dayamir,460
4349,Dewan Bazar,460
4350,Goal Bazar,460
4351,Omarpur,460
4352,Osmanpur,460
4353,Pashchim Gauripur,460
4354,Purba Pawlanpur,460
4355,Purba Gauripur,460
4356,Sadipur,460
4357,Tajpur,460
4358,Pashchim Pawlanpur,460
4359,Paschim Amura,461
4360,Bagha,461
4361,Bhadeshwar,461
4362,Badhubari,461
4363,Dhaka Dakshin,461
4364,Fulbari,461
4365,Golabganj,461
4366,Laxmi Pasha,461
4367,Sharifganj,461
4368,Lakshanaband,461
4369,Uttar Bade Pasha,461
4370,Anehola,462
4371,Deulabari,462
4372,Deopara,462
4373,Dhala Para,462
4374,Digalkandi,462
4375,Digar,462
4376,Ghatail,462
4377,Jamuria,462
4378,Luker Para,462
4379,Rasulpur,462
4380,Sandhanpur,462
4381,Baheratail,463
4382,Gazaria,463
4383,Hatibandha,463
4384,Jadabpur,463
4385,Kakrajan,463
4386,Kalia,463
4387,Ajgana,464
4388,Anautara,464
4389,Bahuria,464
4390,Banail,464
4391,Banshtail,464
4392,Bhatgram,464
4393,Fatehpur,464
4394,Gorai,464
4395,Jamurki,464
4396,Mahera,464
4397,Tarafpur,464
4398,Uarsi,464
4399,Baghil,465
4400,Danya,465
4401,Gala,465
4402,Gharinda,465
4403,Hugra,465
4404,Karatia,465
4405,Katuli,465
4406,Kakua,465
4407,Mahera,465
4408,Silimpur,465
4409,Porabari,465
4410,Mahmood Nagar,465
4411,Alokdia,466
4412,Arankhola,466
4413,Ausnara,466
4414,Birtara,466
4415,Dhanbari,466
4416,Dhopakhali,466
4417,Golabari,466
4418,Musuddi,466
4419,Paiska,466
4420,Sholakuri,466
4421,Mirzabari,466
4422,Balla,467
4423,Bangra,467
4424,Bir Basinda,467
4425,Durgapur,467
4426,Elenga,467
4427,Kok Dahara,467
4428,Nagbari,467
4429,Narandia,467
4430,Paikara,467
4431,Salla,467
4432,Sahadebpur,467
4433,Alamnagar,468
4434,Dhopakandi,468
4435,Hadia,468
4436,Hemnagar,468
4437,Jhaoail,468
4438,Mirzapur,468
4439,Nagla Simla,468
4440,Bhadra,469
4441,Bharara,469
4442,Doptiair,469
4443,Dhubaria,469
4444,Gayhata,469
4445,Mamudnagar,469
4446,Mokna,469
4447,Nagarpur,469
4448,Pakutia,469
4449,Sahabatpur,469
4450,Salimabad,469
4451,Bekrhi Atgram,469
4452,Arjuna,470
4453,Falda,470
4454,Gaksara,470
4455,Gobindabasi,470
4456,Nikrail,470
4457,Aloa,470
4458,Basail,471
4459,Fulki,471
4460,Habla,471
4461,Kanchanpur,471
4462,Kashil,471
4463,Kauljani,471
4464,Birtara,472
4465,Dhanbari,472
4466,Dhopakhali,472
4467,Musuddi,472
4468,Paiska,472
4469,Atia,473
4470,Delduar,473
4471,Deoli,473
4472,Dubail,473
4473,Elasin,473
4474,Fazilhati,473
4475,Lauhati,473
4476,Pathrail,473
4477,Akacha,474
4478,Akhanagar,474
4479,Auliapur,474
4480,Begunbari,474
4481,Balia,474
4482,Baragaon,474
4483,Chilarang,474
4484,Debipur,474
4485,Goreya,474
4486,Jagannathpur,474
4487,Jamalpur,474
4488,Mohammadpur,474
4489,Nargun,474
4490,Rahimanpur,474
4491,Roypur,474
4492,Rajagaon,474
4493,Ruheea,474
4494,Salandar,474
4495,Sukanpukuri,474
4496,Amjankhore,475
4497,Barabari,475
4498,Barapalashbari,475
4499,Bhanor,475
4500,Charol,475
4501,Dhantola,475
4502,Duosuo,475
4503,Paria,475
4504,Amgaon,476
4505,Bakua,476
4506,Bhaturia,476
4507,Dangipara,476
4508,Gedura,476
4509,Haripur,476
4510,Beerchuna,477
4511,Bhomradaha,477
4512,Daulatpur,477
4513,Hajipur,477
4514,Jabarhat,477
4515,Khangaon,477
4516,Kosharaniganj,477
4517,Pirganj,477
4518,Sayedpur,477
4519,Sengaon,477
4520,Bachor,478
4521,Dharmagarh,478
4522,Hossaingaon,478
4523,Kashipur,478
4524,Lehemba,478
4525,Nekmarad,478
4526,Nanduar,478
4527,Rator,478
